datetime,Price
2006-03-06,7.4
2006-03-07,7.27
2006-03-08,7.09
2006-03-09,7.14
2006-03-10,7.2
2006-03-13,7.13
2006-03-14,7.09
2006-03-15,6.89
2006-03-16,6.73
2006-03-17,6.73
2006-03-20,6.66
2006-03-21,6.48
2006-03-22,6.38
2006-03-23,6.37
2006-03-24,6.36
2006-03-27,6.22
2006-03-28,6.11
2006-03-29,6.07
2006-03-30,6.08
2006-03-31,6.16
2006-04-03,6.24
2006-04-04,6.27
2006-04-05,6.31
2006-04-06,6.3
2006-04-07,6.26
2006-04-10,6.26
2006-04-11,6.49
2006-04-12,6.59
2006-04-13,6.6
2006-04-17,6.69
2006-04-18,7.02
2006-04-19,7.25
2006-04-20,7.2
2006-04-24,7.32
2006-04-25,7.34
2006-04-26,7.37
2006-04-27,7.32
2006-04-28,7.39
2006-05-02,7.46
2006-05-03,7.37
2006-05-04,7.35
2006-05-05,7.39
2006-05-08,7.31
2006-05-09,7.31
2006-05-10,7.31
2006-05-11,7.15
2006-05-12,7.01
2006-05-15,6.88
2006-05-16,7.02
2006-05-17,6.85
2006-05-18,6.95
2006-05-19,6.82
2006-05-22,6.6
2006-05-23,6.67
2006-05-24,6.63
2006-05-25,6.79
2006-05-26,6.96
2006-05-29,6.85
2006-05-30,6.74
2006-05-31,6.76
2006-06-01,6.98
2006-06-02,7.02
2006-06-05,7.13
2006-06-06,7.11
2006-06-07,7.23
2006-06-08,7.18
2006-06-09,7.25
2006-06-12,7.11
2006-06-13,7.08
2006-06-14,7.26
2006-06-16,7.38
2006-06-19,7.37
2006-06-20,7.38
2006-06-21,7.52
2006-06-22,7.48
2006-06-23,7.53
2006-06-26,7.47
2006-06-27,7.48
2006-06-28,7.57
2006-06-29,7.75
2006-06-30,7.78
2006-07-03,7.74
2006-07-04,7.77
2006-07-05,7.67
2006-07-06,7.75
2006-07-07,7.72
2006-07-10,7.74
2006-07-11,7.74
2006-07-12,7.71
2006-07-13,7.63
2006-07-14,7.62
2006-07-17,7.65
2006-07-18,7.69
2006-07-19,7.71
2006-07-20,7.57
2006-07-21,7.51
2006-07-24,7.54
2006-07-25,7.46
2006-07-26,7.47
2006-07-27,7.44
2006-07-28,7.45
2006-07-31,7.45
2006-08-01,7.41
2006-08-02,7.5
2006-08-03,7.51
2006-08-04,7.49
2006-08-07,7.49
2006-08-08,7.49
2006-08-09,7.7
2006-08-10,7.78
2006-08-11,7.75
2006-08-14,7.82
2006-08-15,7.92
2006-08-16,7.96
2006-08-17,7.96
2006-08-18,7.94
2006-08-21,8.04
2006-08-22,8.06
2006-08-23,7.98
2006-08-24,7.97
2006-08-25,7.95
2006-08-28,8.04
2006-08-29,8.02
2006-08-30,8.05
2006-08-31,7.98
2006-09-01,8.02
2006-09-04,8.09
2006-09-05,8.06
2006-09-06,7.99
2006-09-08,8.0
2006-09-11,7.97
2006-09-12,8.01
2006-09-13,8.16
2006-09-14,8.16
2006-09-15,8.29
2006-09-18,8.47
2006-09-19,8.41
2006-09-20,8.44
2006-09-21,8.34
2006-09-22,8.37
2006-09-25,8.29
2006-09-26,8.42
2006-09-27,8.56
2006-09-28,8.7
2006-09-29,8.72
2006-10-02,8.98
2006-10-03,9.08
2006-10-04,9.18
2006-10-05,9.24
2006-10-06,9.55
2006-10-09,9.72
2006-10-10,9.75
2006-10-11,9.82
2006-10-13,10.01
2006-10-16,10.1
2006-10-17,10.1
2006-10-18,10.07
2006-10-19,10.23
2006-10-20,10.29
2006-10-23,10.11
2006-10-24,10.05
2006-10-25,9.99
2006-10-26,10.05
2006-10-27,10.05
2006-10-30,9.94
2006-10-31,9.96
2006-11-01,9.95
2006-11-03,9.94
2006-11-06,10.1
2006-11-07,10.36
2006-11-08,10.42
2006-11-09,10.58
2006-11-10,10.48
2006-11-13,10.43
2006-11-14,10.5
2006-11-16,10.5
2006-11-17,10.47
2006-11-20,10.62
2006-11-21,10.65
2006-11-22,10.75
2006-11-23,10.88
2006-11-24,10.99
2006-11-27,11.0
2006-11-28,11.12
2006-11-29,11.27
2006-11-30,11.45
2006-12-01,11.47
2006-12-04,11.51
2006-12-05,11.6
2006-12-06,11.67
2006-12-07,11.67
2006-12-08,11.71
2006-12-11,11.75
2006-12-12,11.68
2006-12-13,11.7
2006-12-14,11.74
2006-12-15,11.7
2006-12-18,11.65
2006-12-19,11.57
2006-12-20,11.56
2006-12-21,11.53
2006-12-22,11.54
2006-12-26,11.5
2006-12-27,11.5
2006-12-28,11.58
2007-01-02,11.64
2007-01-03,11.59
2007-01-04,11.62
2007-01-05,11.64
2007-01-08,11.69
2007-01-09,11.77
2007-01-10,11.79
2007-01-11,11.81
2007-01-12,11.88
2007-01-15,11.81
2007-01-16,11.6
2007-01-17,11.72
2007-01-18,11.77
2007-01-19,11.8
2007-01-22,11.79
2007-01-23,11.82
2007-01-24,11.69
2007-01-25,11.65
2007-01-26,11.61
2007-01-29,11.62
2007-01-30,11.58
2007-01-31,11.56
2007-02-01,11.66
2007-02-02,11.37
2007-02-05,11.29
2007-02-06,11.06
2007-02-07,10.84
2007-02-08,10.84
2007-02-09,10.69
2007-02-12,10.55
2007-02-13,10.37
2007-02-14,10.22
2007-02-15,10.22
2007-02-16,10.18
2007-02-21,10.25
2007-02-22,10.02
2007-02-23,9.97
2007-02-26,10.0
2007-02-27,9.76
2007-02-28,9.7
2007-03-01,9.69
2007-03-02,9.55
2007-03-05,9.53
2007-03-06,9.63
2007-03-07,9.66
2007-03-08,9.64
2007-03-09,9.63
2007-03-12,9.65
2007-03-13,9.54
2007-03-14,9.53
2007-03-15,9.63
2007-03-16,9.62
2007-03-19,9.68
2007-03-20,9.69
2007-03-21,9.8
2007-03-22,9.83
2007-03-23,9.84
2007-03-26,9.78
2007-03-27,9.76
2007-03-28,9.67
2007-03-29,9.81
2007-03-30,9.68
2007-04-02,9.67
2007-04-03,9.72
2007-04-04,9.66
2007-04-05,9.63
2007-04-09,9.62
2007-04-10,9.58
2007-04-11,9.47
2007-04-12,9.44
2007-04-13,9.51
2007-04-16,9.41
2007-04-17,9.4
2007-04-18,9.43
2007-04-19,9.37
2007-04-20,9.37
2007-04-23,9.31
2007-04-24,9.3
2007-04-25,9.31
2007-04-26,9.3
2007-04-27,9.31
2007-04-30,9.2
2007-05-02,9.23
2007-05-03,9.23
2007-05-04,9.21
2007-05-07,9.25
2007-05-08,9.25
2007-05-09,9.29
2007-05-10,9.24
2007-05-11,9.22
2007-05-14,9.28
2007-05-15,9.38
2007-05-16,9.58
2007-05-17,9.57
2007-05-18,9.57
2007-05-21,9.72
2007-05-22,9.72
2007-05-23,9.81
2007-05-24,9.75
2007-05-25,9.87
2007-05-28,9.98
2007-05-29,10.0
2007-05-30,10.08
2007-05-31,10.21
2007-06-01,10.33
2007-06-04,10.17
2007-06-05,10.12
2007-06-06,10.09
2007-06-08,10.11
2007-06-11,10.23
2007-06-12,10.18
2007-06-13,10.17
2007-06-14,10.25
2007-06-15,10.38
2007-06-18,10.42
2007-06-19,10.35
2007-06-20,10.16
2007-06-21,10.18
2007-06-22,10.03
2007-06-25,9.93
2007-06-26,9.83
2007-06-27,9.89
2007-06-28,9.92
2007-06-29,9.85
2007-07-02,9.93
2007-07-03,9.9
2007-07-04,9.87
2007-07-05,9.81
2007-07-06,9.85
2007-07-10,9.85
2007-07-11,9.88
2007-07-12,9.99
2007-07-13,10.02
2007-07-16,9.97
2007-07-17,10.08
2007-07-18,10.12
2007-07-19,10.22
2007-07-20,10.25
2007-07-23,10.4
2007-07-24,10.34
2007-07-25,10.31
2007-07-26,10.03
2007-07-27,10.22
2007-07-30,10.34
2007-07-31,10.31
2007-08-01,10.36
2007-08-02,10.56
2007-08-03,10.57
2007-08-06,10.63
2007-08-07,10.77
2007-08-08,11.04
2007-08-09,10.77
2007-08-10,10.77
2007-08-13,11.05
2007-08-14,10.99
2007-08-15,10.9
2007-08-16,10.75
2007-08-17,11.44
2007-08-20,11.45
2007-08-21,11.51
2007-08-22,11.65
2007-08-23,11.74
2007-08-24,12.02
2007-08-27,11.96
2007-08-28,11.74
2007-08-29,12.06
2007-08-30,12.11
2007-08-31,12.17
2007-09-03,12.41
2007-09-04,12.76
2007-09-05,12.92
2007-09-06,13.29
2007-09-10,13.59
2007-09-11,13.88
2007-09-12,14.06
2007-09-13,14.28
2007-09-14,14.46
2007-09-17,14.36
2007-09-18,14.72
2007-09-19,14.73
2007-09-20,14.77
2007-09-21,14.82
2007-09-24,15.05
2007-09-25,15.08
2007-09-26,15.0
2007-09-27,14.96
2007-09-28,14.9
2007-10-01,14.97
2007-10-02,14.78
2007-10-03,14.63
2007-10-04,14.67
2007-10-05,14.85
2007-10-08,14.7
2007-10-09,14.84
2007-10-10,14.69
2007-10-11,14.71
2007-10-15,14.71
2007-10-16,14.78
2007-10-17,14.76
2007-10-18,15.21
2007-10-19,15.07
2007-10-22,15.03
2007-10-23,15.46
2007-10-24,15.51
2007-10-25,15.75
2007-10-26,15.92
2007-10-29,16.22
2007-10-30,16.49
2007-10-31,16.78
2007-11-01,16.79
2007-11-05,16.81
2007-11-06,17.27
2007-11-07,17.45
2007-11-08,17.6
2007-11-09,17.57
2007-11-12,17.37
2007-11-13,17.56
2007-11-14,17.92
2007-11-16,17.84
2007-11-19,17.94
2007-11-20,17.97
2007-11-21,18.06
2007-11-22,18.21
2007-11-23,18.15
2007-11-26,18.05
2007-11-27,18.42
2007-11-28,18.9
2007-11-29,18.93
2007-11-30,19.25
2007-12-03,19.21
2007-12-04,19.08
2007-12-05,19.24
2007-12-06,19.49
2007-12-07,19.64
2007-12-10,19.56
2007-12-11,19.6
2007-12-12,19.36
2007-12-13,19.03
2007-12-14,18.79
2007-12-17,18.54
2007-12-18,18.37
2007-12-19,18.47
2007-12-20,18.37
2007-12-21,18.41
2007-12-26,18.47
2007-12-27,18.57
2007-12-28,18.44
2008-01-02,18.5
2008-01-03,18.79
2008-01-04,18.77
2008-01-07,18.75
2008-01-08,18.61
2008-01-09,18.54
2008-01-10,18.57
2008-01-11,18.62
2008-01-14,18.56
2008-01-15,18.23
2008-01-16,17.91
2008-01-17,17.2
2008-01-18,16.99
2008-01-21,16.34
2008-01-22,16.5
2008-01-23,16.03
2008-01-24,16.22
2008-01-25,16.13
2008-01-28,16.15
2008-01-29,16.14
2008-01-30,16.03
2008-01-31,16.15
2008-02-01,16.18
2008-02-06,15.99
2008-02-07,15.75
2008-02-08,15.62
2008-02-11,15.69
2008-02-12,15.75
2008-02-13,15.87
2008-02-14,15.81
2008-02-15,15.75
2008-02-18,15.9
2008-02-19,15.98
2008-02-20,16.08
2008-02-21,16.23
2008-02-22,16.24
2008-02-25,16.2
2008-02-26,16.45
2008-02-27,16.76
2008-02-28,16.84
2008-02-29,16.81
2008-03-03,17.0
2008-03-04,17.05
2008-03-05,17.06
2008-03-06,16.83
2008-03-07,16.38
2008-03-10,16.22
2008-03-11,16.28
2008-03-12,16.15
2008-03-13,15.97
2008-03-14,15.78
2008-03-17,15.88
2008-03-18,16.1
2008-03-19,15.75
2008-03-20,15.52
2008-03-24,15.25
2008-03-25,15.17
2008-03-26,15.22
2008-03-27,15.07
2008-03-28,14.96
2008-03-31,14.87
2008-04-01,14.82
2008-04-02,14.89
2008-04-03,14.9
2008-04-04,14.97
2008-04-07,15.03
2008-04-08,15.17
2008-04-09,15.38
2008-04-10,15.42
2008-04-11,15.51
2008-04-14,15.69
2008-04-15,16.01
2008-04-16,16.23
2008-04-17,16.47
2008-04-18,16.39
2008-04-22,16.46
2008-04-23,16.45
2008-04-24,16.31
2008-04-25,16.44
2008-04-28,16.29
2008-04-29,16.13
2008-04-30,16.47
2008-05-02,16.76
2008-05-05,16.74
2008-05-06,16.91
2008-05-07,16.67
2008-05-08,16.66
2008-05-09,16.76
2008-05-12,17.04
2008-05-13,17.12
2008-05-14,16.9
2008-05-15,16.85
2008-05-16,16.96
2008-05-19,16.79
2008-05-20,16.55
2008-05-21,16.35
2008-05-23,16.28
2008-05-26,16.05
2008-05-27,15.8
2008-05-28,15.87
2008-05-29,15.73
2008-05-30,15.83
2008-06-02,15.7
2008-06-03,15.73
2008-06-04,15.7
2008-06-05,15.69
2008-06-06,15.41
2008-06-09,15.44
2008-06-10,15.16
2008-06-11,15.32
2008-06-12,15.62
2008-06-13,15.8
2008-06-16,16.19
2008-06-17,16.8
2008-06-18,17.07
2008-06-19,17.57
2008-06-20,17.72
2008-06-23,17.74
2008-06-24,17.92
2008-06-25,18.1
2008-06-26,18.0
2008-06-27,18.17
2008-06-30,18.16
2008-07-01,18.11
2008-07-02,18.2
2008-07-03,18.12
2008-07-04,18.14
2008-07-07,18.13
2008-07-08,17.99
2008-07-10,17.82
2008-07-11,17.91
2008-07-14,17.77
2008-07-15,17.76
2008-07-16,17.66
2008-07-17,17.54
2008-07-18,17.48
2008-07-21,17.48
2008-07-22,17.2
2008-07-23,16.98
2008-07-24,16.96
2008-07-25,16.73
2008-07-28,16.52
2008-07-29,16.53
2008-07-30,16.48
2008-07-31,16.43
2008-08-01,16.34
2008-08-04,16.3
2008-08-05,16.09
2008-08-06,15.95
2008-08-07,15.71
2008-08-08,15.4
2008-08-11,15.28
2008-08-12,15.1
2008-08-13,15.13
2008-08-14,14.91
2008-08-15,14.68
2008-08-18,14.68
2008-08-19,14.73
2008-08-20,14.92
2008-08-21,15.02
2008-08-22,14.87
2008-08-25,14.82
2008-08-26,14.89
2008-08-27,15.11
2008-08-28,15.02
2008-08-29,15.02
2008-09-01,14.92
2008-09-02,14.68
2008-09-03,14.49
2008-09-04,14.14
2008-09-05,14.15
2008-09-08,14.0
2008-09-09,13.64
2008-09-10,13.5
2008-09-11,13.29
2008-09-12,13.36
2008-09-15,13.21
2008-09-16,13.11
2008-09-17,12.61
2008-09-18,12.13
2008-09-19,12.82
2008-09-22,13.0
2008-09-23,12.77
2008-09-24,12.58
2008-09-25,12.72
2008-09-26,12.54
2008-09-29,11.78
2008-09-30,12.08
2008-10-01,12.0
2008-10-02,11.36
2008-10-03,11.22
2008-10-06,10.39
2008-10-07,9.87
2008-10-08,9.96
2008-10-09,10.33
2008-10-10,9.72
2008-10-13,10.42
2008-10-14,10.63
2008-10-15,10.35
2008-10-16,10.35
2008-10-17,10.62
2008-10-20,10.58
2008-10-21,10.0
2008-10-22,9.33
2008-10-23,9.57
2008-10-24,9.5
2008-10-27,9.79
2008-10-28,9.94
2008-10-29,10.06
2008-10-30,10.16
2008-10-31,9.91
2008-11-03,9.71
2008-11-04,9.95
2008-11-05,9.88
2008-11-06,9.47
2008-11-07,9.63
2008-11-10,9.44
2008-11-11,9.26
2008-11-12,8.98
2008-11-13,8.6
2008-11-14,8.99
2008-11-17,8.93
2008-11-18,8.73
2008-11-19,8.51
2008-11-20,8.47
2008-11-21,8.27
2008-11-24,8.74
2008-11-25,8.69
2008-11-26,8.88
2008-11-27,8.85
2008-11-28,8.74
2008-12-01,8.74
2008-12-02,8.5
2008-12-03,8.24
2008-12-04,8.06
2008-12-05,8.21
2008-12-08,8.18
2008-12-09,8.33
2008-12-10,8.49
2008-12-11,8.79
2008-12-12,8.78
2008-12-15,8.74
2008-12-16,8.76
2008-12-17,8.86
2008-12-18,8.87
2008-12-19,8.9
2008-12-22,8.82
2008-12-23,8.83
2008-12-26,8.89
2008-12-29,8.82
2008-12-30,9.12
2009-01-02,9.12
2009-01-05,9.53
2009-01-06,10.47
2009-01-07,10.47
2009-01-08,10.49
2009-01-09,10.68
2009-01-12,10.59
2009-01-13,10.45
2009-01-14,10.34
2009-01-15,10.04
2009-01-16,10.23
2009-01-19,10.3
2009-01-20,10.08
2009-01-21,10.13
2009-01-22,10.3
2009-01-23,10.32
2009-01-26,10.4
2009-01-27,10.29
2009-01-28,10.42
2009-01-29,10.34
2009-01-30,10.13
2009-02-02,10.05
2009-02-03,10.08
2009-02-04,10.14
2009-02-05,10.08
2009-02-06,10.2
2009-02-09,10.21
2009-02-10,9.88
2009-02-11,9.77
2009-02-12,9.71
2009-02-13,9.81
2009-02-16,9.7
2009-02-17,9.44
2009-02-18,9.16
2009-02-19,9.17
2009-02-20,8.93
2009-02-25,8.92
2009-02-26,9.1
2009-02-27,8.95
2009-03-02,8.56
2009-03-03,8.66
2009-03-04,8.74
2009-03-05,8.66
2009-03-06,8.68
2009-03-09,8.65
2009-03-10,8.77
2009-03-11,8.69
2009-03-12,8.84
2009-03-13,8.87
2009-03-16,9.04
2009-03-17,8.97
2009-03-18,9.17
2009-03-19,9.09
2009-03-20,9.01
2009-03-23,9.1
2009-03-24,9.14
2009-03-25,9.2
2009-03-26,9.27
2009-03-27,9.07
2009-03-30,8.93
2009-03-31,9.05
2009-04-01,9.21
2009-04-02,9.41
2009-04-03,9.52
2009-04-06,9.47
2009-04-07,9.49
2009-04-08,9.57
2009-04-09,9.72
2009-04-13,9.66
2009-04-14,9.55
2009-04-15,9.57
2009-04-16,9.7
2009-04-17,9.67
2009-04-20,9.47
2009-04-22,9.66
2009-04-23,9.7
2009-04-24,9.89
2009-04-27,9.78
2009-04-28,9.94
2009-04-29,10.1
2009-04-30,10.07
2009-05-04,10.41
2009-05-05,10.35
2009-05-06,10.56
2009-05-07,10.63
2009-05-08,10.85
2009-05-11,10.87
2009-05-12,10.76
2009-05-13,10.56
2009-05-14,10.65
2009-05-15,10.47
2009-05-18,10.64
2009-05-19,10.88
2009-05-20,10.96
2009-05-21,10.95
2009-05-22,10.96
2009-05-25,10.99
2009-05-26,11.05
2009-05-27,11.07
2009-05-28,11.11
2009-05-29,11.3
2009-06-01,11.39
2009-06-02,11.56
2009-06-03,11.35
2009-06-04,11.5
2009-06-05,11.47
2009-06-08,11.44
2009-06-09,11.64
2009-06-10,11.57
2009-06-12,11.74
2009-06-15,11.5
2009-06-16,11.41
2009-06-17,11.43
2009-06-18,11.33
2009-06-19,11.33
2009-06-22,10.94
2009-06-23,11.14
2009-06-24,11.05
2009-06-25,11.26
2009-06-26,11.29
2009-06-29,11.06
2009-06-30,11.03
2009-07-01,11.18
2009-07-02,11.0
2009-07-03,10.99
2009-07-06,10.9
2009-07-07,10.67
2009-07-08,10.47
2009-07-10,10.37
2009-07-13,10.42
2009-07-14,10.39
2009-07-15,10.55
2009-07-16,10.57
2009-07-17,10.54
2009-07-20,10.68
2009-07-21,10.63
2009-07-22,10.61
2009-07-23,10.69
2009-07-24,10.61
2009-07-27,10.71
2009-07-28,10.64
2009-07-29,10.51
2009-07-30,10.63
2009-07-31,10.63
2009-08-03,10.72
2009-08-04,10.79
2009-08-05,10.77
2009-08-06,10.62
2009-08-07,10.73
2009-08-10,10.58
2009-08-11,10.53
2009-08-12,10.64
2009-08-13,10.61
2009-08-14,10.44
2009-08-17,10.38
2009-08-18,10.45
2009-08-19,10.45
2009-08-20,10.52
2009-08-21,10.58
2009-08-24,10.47
2009-08-25,10.41
2009-08-26,10.36
2009-08-27,10.35
2009-08-28,10.26
2009-08-31,10.21
2009-09-01,10.11
2009-09-02,10.18
2009-09-03,10.27
2009-09-04,10.4
2009-09-08,10.45
2009-09-09,10.39
2009-09-10,10.49
2009-09-11,10.37
2009-09-14,10.48
2009-09-15,10.48
2009-09-16,10.54
2009-09-17,10.4
2009-09-18,10.45
2009-09-21,10.46
2009-09-22,10.6
2009-09-23,10.76
2009-09-24,10.64
2009-09-25,10.72
2009-09-28,10.82
2009-09-29,10.84
2009-09-30,10.99
2009-10-01,10.98
2009-10-02,11.08
2009-10-05,11.33
2009-10-06,11.5
2009-10-07,11.5
2009-10-08,11.9
2009-10-09,11.94
2009-10-13,12.02
2009-10-14,12.2
2009-10-15,12.19
2009-10-16,12.15
2009-10-19,12.12
2009-10-20,11.92
2009-10-21,12.02
2009-10-22,12.03
2009-10-23,12.15
2009-10-26,12.0
2009-10-27,12.02
2009-10-28,11.95
2009-10-29,12.14
2009-10-30,11.97
2009-11-03,12.01
2009-11-04,12.06
2009-11-05,12.0
2009-11-06,12.04
2009-11-09,12.24
2009-11-10,12.04
2009-11-11,12.03
2009-11-12,11.83
2009-11-13,11.96
2009-11-16,12.05
2009-11-17,11.97
2009-11-18,11.89
2009-11-19,11.68
2009-11-20,11.64
2009-11-23,11.69
2009-11-24,11.53
2009-11-25,11.55
2009-11-26,11.35
2009-11-27,11.42
2009-11-30,11.29
2009-12-01,11.46
2009-12-02,11.5
2009-12-03,11.43
2009-12-04,11.42
2009-12-07,11.43
2009-12-08,11.18
2009-12-09,11.1
2009-12-10,11.32
2009-12-11,11.41
2009-12-14,11.45
2009-12-15,11.36
2009-12-16,11.57
2009-12-17,11.36
2009-12-18,11.45
2009-12-21,11.43
2009-12-22,11.36
2009-12-23,11.61
2009-12-28,11.66
2009-12-29,11.62
2009-12-30,11.55
2010-01-04,11.86
2010-01-05,11.79
2010-01-06,11.64
2010-01-07,11.62
2010-01-08,11.66
2010-01-11,11.63
2010-01-12,11.38
2010-01-13,11.1
2010-01-14,11.15
2010-01-15,11.1
2010-01-18,11.1
2010-01-19,11.0
2010-01-20,10.83
2010-01-21,10.71
2010-01-22,10.63
2010-01-25,10.47
2010-01-26,10.43
2010-01-27,10.33
2010-01-28,10.27
2010-01-29,10.13
2010-02-01,10.26
2010-02-02,10.36
2010-02-03,10.28
2010-02-04,9.97
2010-02-05,9.86
2010-02-08,9.93
2010-02-09,9.97
2010-02-10,9.76
2010-02-11,9.8
2010-02-12,9.68
2010-02-17,9.89
2010-02-18,9.89
2010-02-19,10.03
2010-02-22,9.95
2010-02-23,9.91
2010-02-24,9.89
2010-02-25,9.88
2010-02-26,10.07
2010-03-01,10.09
2010-03-02,10.16
2010-03-03,10.27
2010-03-04,10.29
2010-03-05,10.34
2010-03-08,10.32
2010-03-09,10.42
2010-03-10,10.49
2010-03-11,10.55
2010-03-12,10.59
2010-03-15,10.6
2010-03-16,10.57
2010-03-17,10.56
2010-03-18,10.41
2010-03-19,10.27
2010-03-22,10.35
2010-03-23,10.45
2010-03-24,10.32
2010-03-25,10.1
2010-03-26,10.14
2010-03-29,10.12
2010-03-30,10.17
2010-03-31,10.24
2010-04-01,10.35
2010-04-05,10.35
2010-04-06,10.42
2010-04-07,10.23
2010-04-08,10.27
2010-04-09,10.28
2010-04-12,10.43
2010-04-13,10.4
2010-04-14,10.42
2010-04-15,10.37
2010-04-16,10.31
2010-04-19,10.29
2010-04-20,10.31
2010-04-22,10.3
2010-04-23,10.25
2010-04-26,10.35
2010-04-27,10.22
2010-04-28,10.29
2010-04-29,10.4
2010-04-30,10.38
2010-05-03,10.39
2010-05-04,10.29
2010-05-05,10.08
2010-05-06,9.81
2010-05-07,9.85
2010-05-10,10.43
2010-05-11,10.42
2010-05-12,10.36
2010-05-13,10.41
2010-05-14,10.32
2010-05-17,10.36
2010-05-18,10.24
2010-05-19,10.21
2010-05-20,10.1
2010-05-21,10.17
2010-05-24,10.2
2010-05-25,10.13
2010-05-26,10.33
2010-05-27,10.54
2010-05-28,10.62
2010-05-31,10.65
2010-06-01,10.57
2010-06-02,10.79
2010-06-04,10.63
2010-06-07,10.62
2010-06-08,10.75
2010-06-09,10.79
2010-06-10,10.96
2010-06-11,10.9
2010-06-14,11.0
2010-06-15,11.0
2010-06-16,10.92
2010-06-17,10.85
2010-06-18,10.97
2010-06-21,10.91
2010-06-22,10.78
2010-06-23,10.57
2010-06-24,10.5
2010-06-25,10.57
2010-06-28,10.6
2010-06-29,10.37
2010-06-30,10.39
2010-07-01,10.37
2010-07-02,10.46
2010-07-05,10.44
2010-07-06,10.44
2010-07-07,10.45
2010-07-08,10.34
2010-07-12,10.31
2010-07-13,10.37
2010-07-14,10.43
2010-07-15,10.35
2010-07-16,10.54
2010-07-19,10.62
2010-07-20,10.77
2010-07-21,10.71
2010-07-22,10.88
2010-07-23,10.95
2010-07-26,10.97
2010-07-27,10.98
2010-07-28,10.93
2010-07-29,11.0
2010-07-30,11.15
2010-08-02,11.1
2010-08-03,11.14
2010-08-04,11.2
2010-08-05,11.25
2010-08-06,11.28
2010-08-09,11.49
2010-08-10,11.39
2010-08-11,11.43
2010-08-12,11.39
2010-08-13,11.36
2010-08-16,11.54
2010-08-17,11.7
2010-08-18,11.7
2010-08-19,11.87
2010-08-20,11.71
2010-08-23,11.79
2010-08-24,11.84
2010-08-25,12.12
2010-08-26,12.27
2010-08-27,12.43
2010-08-30,12.39
2010-08-31,12.6
2010-09-01,12.78
2010-09-02,12.94
2010-09-03,13.15
2010-09-06,13.33
2010-09-08,13.35
2010-09-09,13.69
2010-09-10,13.79
2010-09-13,13.88
2010-09-14,14.07
2010-09-15,14.05
2010-09-16,14.15
2010-09-17,14.62
2010-09-20,14.53
2010-09-21,15.22
2010-09-22,15.03
2010-09-23,14.7
2010-09-24,15.22
2010-09-27,15.11
2010-09-28,15.01
2010-09-29,14.58
2010-09-30,14.47
2010-10-01,14.47
2010-10-04,14.17
2010-10-05,14.36
2010-10-06,14.26
2010-10-07,14.18
2010-10-08,14.48
2010-10-11,14.49
2010-10-13,15.22
2010-10-14,15.31
2010-10-15,15.21
2010-10-18,15.21
2010-10-19,15.14
2010-10-20,15.16
2010-10-21,15.12
2010-10-22,15.08
2010-10-25,15.15
2010-10-26,15.26
2010-10-27,15.17
2010-10-28,15.48
2010-10-29,15.72
2010-11-01,15.6
2010-11-03,15.82
2010-11-04,16.19
2010-11-05,16.06
2010-11-08,16.1
2010-11-09,16.28
2010-11-10,16.53
2010-11-11,16.7
2010-11-12,16.75
2010-11-16,16.51
2010-11-17,16.69
2010-11-18,16.88
2010-11-19,16.79
2010-11-22,16.55
2010-11-23,16.78
2010-11-24,16.86
2010-11-25,16.82
2010-11-26,16.71
2010-11-29,16.75
2010-11-30,16.69
2010-12-01,16.85
2010-12-02,16.88
2010-12-03,16.95
2010-12-06,16.97
2010-12-07,16.86
2010-12-08,16.74
2010-12-09,16.58
2010-12-10,16.55
2010-12-13,16.7
2010-12-14,16.66
2010-12-15,16.66
2010-12-16,16.55
2010-12-17,16.55
2010-12-20,16.7
2010-12-21,16.61
2010-12-22,16.58
2010-12-23,16.64
2010-12-27,16.77
2010-12-28,16.74
2010-12-29,16.91
2010-12-30,16.99
2011-01-03,17.11
2011-01-04,17.02
2011-01-05,17.03
2011-01-06,17.02
2011-01-07,17.2
2011-01-10,17.33
2011-01-11,17.42
2011-01-12,17.53
2011-01-13,17.92
2011-01-14,17.87
2011-01-17,17.97
2011-01-18,18.3
2011-01-19,18.68
2011-01-20,18.74
2011-01-21,18.87
2011-01-24,18.77
2011-01-25,18.95
2011-01-26,19.18
2011-01-27,19.15
2011-01-28,19.05
2011-01-31,19.18
2011-02-01,19.37
2011-02-02,19.33
2011-02-03,19.26
2011-02-04,19.17
2011-02-07,19.01
2011-02-08,19.13
2011-02-09,19.24
2011-02-10,19.09
2011-02-11,19.14
2011-02-14,19.18
2011-02-15,19.0
2011-02-16,18.99
2011-02-17,18.91
2011-02-18,18.71
2011-02-21,18.77
2011-02-22,18.69
2011-02-23,18.7
2011-02-24,18.74
2011-02-25,18.65
2011-02-28,18.65
2011-03-01,18.76
2011-03-02,18.65
2011-03-03,18.93
2011-03-04,19.03
2011-03-09,18.94
2011-03-10,18.79
2011-03-11,18.83
2011-03-14,18.89
2011-03-15,19.04
2011-03-16,19.04
2011-03-17,18.82
2011-03-18,19.07
2011-03-21,19.11
2011-03-22,19.1
2011-03-23,19.11
2011-03-24,19.1
2011-03-25,18.98
2011-03-28,18.96
2011-03-29,18.73
2011-03-30,18.98
2011-03-31,18.93
2011-04-01,19.1
2011-04-04,19.14
2011-04-05,18.97
2011-04-06,18.68
2011-04-07,19.09
2011-04-08,19.3
2011-04-11,19.26
2011-04-12,19.06
2011-04-13,18.95
2011-04-14,19.09
2011-04-15,19.07
2011-04-18,18.84
2011-04-19,18.71
2011-04-20,18.62
2011-04-25,18.76
2011-04-26,18.82
2011-04-27,18.36
2011-04-28,18.32
2011-04-29,18.61
2011-05-02,18.15
2011-05-03,18.01
2011-05-04,17.68
2011-05-05,17.5
2011-05-06,17.44
2011-05-09,17.4
2011-05-10,17.62
2011-05-11,17.38
2011-05-12,17.29
2011-05-13,17.23
2011-05-16,17.41
2011-05-17,17.67
2011-05-18,17.65
2011-05-19,17.69
2011-05-20,17.65
2011-05-23,17.69
2011-05-24,17.98
2011-05-25,17.97
2011-05-26,18.07
2011-05-27,18.47
2011-05-30,18.53
2011-05-31,18.86
2011-06-01,18.73
2011-06-02,19.17
2011-06-03,19.23
2011-06-06,19.36
2011-06-07,19.56
2011-06-08,19.59
2011-06-09,19.66
2011-06-10,19.62
2011-06-13,19.64
2011-06-14,19.73
2011-06-15,19.6
2011-06-16,19.38
2011-06-17,19.55
2011-06-20,19.44
2011-06-21,19.34
2011-06-22,19.15
2011-06-24,19.04
2011-06-27,18.94
2011-06-28,19.02
2011-06-29,19.29
2011-06-30,19.62
2011-07-01,19.96
2011-07-04,19.79
2011-07-05,19.76
2011-07-06,19.75
2011-07-07,19.84
2011-07-08,19.61
2011-07-11,19.16
2011-07-12,19.17
2011-07-13,19.19
2011-07-14,18.92
2011-07-15,19.03
2011-07-18,18.91
2011-07-19,18.96
2011-07-20,19.28
2011-07-21,19.38
2011-07-22,19.49
2011-07-25,19.53
2011-07-26,19.57
2011-07-27,19.33
2011-07-28,19.12
2011-07-29,19.42
2011-08-01,19.16
2011-08-02,19.14
2011-08-03,19.35
2011-08-04,19.05
2011-08-05,18.99
2011-08-08,18.72
2011-08-09,18.77
2011-08-10,18.63
2011-08-11,18.56
2011-08-12,18.53
2011-08-15,18.9
2011-08-16,18.94
2011-08-17,19.14
2011-08-18,18.76
2011-08-19,18.77
2011-08-22,18.73
2011-08-23,18.77
2011-08-24,18.7
2011-08-25,18.84
2011-08-26,19.04
2011-08-29,19.15
2011-08-30,19.36
2011-08-31,19.46
2011-09-01,19.36
2011-09-02,19.1
2011-09-05,18.98
2011-09-06,18.96
2011-09-08,19.07
2011-09-09,18.84
2011-09-12,18.49
2011-09-13,18.41
2011-09-14,18.51
2011-09-15,18.7
2011-09-16,18.7
2011-09-19,18.11
2011-09-20,18.06
2011-09-21,17.48
2011-09-22,17.03
2011-09-23,17.52
2011-09-26,17.65
2011-09-27,17.91
2011-09-28,17.69
2011-09-29,17.27
2011-09-30,16.89
2011-10-03,16.79
2011-10-04,16.74
2011-10-05,17.16
2011-10-06,17.37
2011-10-07,17.76
2011-10-10,17.75
2011-10-11,17.78
2011-10-13,17.69
2011-10-14,17.77
2011-10-17,16.99
2011-10-18,16.99
2011-10-19,16.85
2011-10-20,16.53
2011-10-21,16.79
2011-10-24,17.18
2011-10-25,17.3
2011-10-26,17.46
2011-10-27,18.05
2011-10-28,18.3
2011-10-31,18.34
2011-11-01,17.8
2011-11-03,17.66
2011-11-04,17.86
2011-11-07,17.76
2011-11-08,17.95
2011-11-09,17.67
2011-11-10,17.67
2011-11-11,17.69
2011-11-14,17.49
2011-11-16,17.31
2011-11-17,16.95
2011-11-18,16.82
2011-11-21,16.49
2011-11-22,16.06
2011-11-23,15.44
2011-11-24,14.85
2011-11-25,14.54
2011-11-28,14.69
2011-11-29,15.29
2011-11-30,15.43
2011-12-01,15.44
2011-12-02,15.32
2011-12-05,15.25
2011-12-06,15.38
2011-12-07,15.42
2011-12-08,15.01
2011-12-09,14.99
2011-12-12,14.67
2011-12-13,14.64
2011-12-14,14.76
2011-12-15,14.93
2011-12-16,15.11
2011-12-19,15.22
2011-12-20,15.48
2011-12-21,15.52
2011-12-22,15.72
2011-12-23,15.66
2011-12-26,15.53
2011-12-27,15.95
2011-12-28,15.84
2011-12-29,15.98
2012-01-02,15.97
2012-01-03,16.57
2012-01-04,16.75
2012-01-05,16.84
2012-01-06,16.68
2012-01-09,16.83
2012-01-10,17.28
2012-01-11,17.41
2012-01-12,17.64
2012-01-13,17.59
2012-01-16,17.61
2012-01-17,17.62
2012-01-18,17.67
2012-01-19,17.67
2012-01-20,17.85
2012-01-23,17.84
2012-01-24,17.87
2012-01-25,17.86
2012-01-26,17.92
2012-01-27,17.85
2012-01-30,17.82
2012-01-31,17.5
2012-02-01,17.12
2012-02-02,16.94
2012-02-03,16.74
2012-02-06,16.61
2012-02-07,16.47
2012-02-08,16.5
2012-02-09,16.31
2012-02-10,16.3
2012-02-13,16.43
2012-02-14,16.36
2012-02-15,16.2
2012-02-16,16.1
2012-02-17,16.38
2012-02-22,16.42
2012-02-23,16.42
2012-02-24,16.61
2012-02-27,16.69
2012-02-28,16.86
2012-02-29,16.76
2012-03-01,16.89
2012-03-02,16.76
2012-03-05,16.82
2012-03-06,16.68
2012-03-07,16.68
2012-03-08,16.69
2012-03-09,16.57
2012-03-12,16.37
2012-03-13,16.35
2012-03-14,16.3
2012-03-15,16.3
2012-03-16,16.4
2012-03-19,16.25
2012-03-20,16.03
2012-03-21,15.83
2012-03-22,15.73
2012-03-23,15.77
2012-03-26,15.7
2012-03-27,15.53
2012-03-28,14.86
2012-03-29,15.02
2012-03-30,14.86
2012-04-02,14.79
2012-04-03,14.72
2012-04-04,14.67
2012-04-05,14.8
2012-04-09,14.84
2012-04-10,14.61
2012-04-11,14.61
2012-04-12,14.43
2012-04-13,14.29
2012-04-16,13.99
2012-04-17,13.85
2012-04-18,13.5
2012-04-19,13.34
2012-04-20,13.38
2012-04-23,13.44
2012-04-24,13.23
2012-04-25,13.14
2012-04-26,12.98
2012-04-27,13.1
2012-04-30,12.79
2012-05-02,12.79
2012-05-03,12.8
2012-05-04,12.76
2012-05-07,12.85
2012-05-08,12.77
2012-05-09,12.6
2012-05-10,12.68
2012-05-11,12.75
2012-05-14,12.57
2012-05-15,12.56
2012-05-16,12.57
2012-05-17,12.57
2012-05-18,12.39
2012-05-21,12.28
2012-05-22,12.1
2012-05-23,12.37
2012-05-24,12.37
2012-05-25,12.57
2012-05-28,12.62
2012-05-29,12.58
2012-05-30,12.37
2012-05-31,12.21
2012-06-01,12.01
2012-06-04,11.93
2012-06-05,12.16
2012-06-06,12.17
2012-06-08,12.22
2012-06-11,11.9
2012-06-12,11.72
2012-06-13,11.66
2012-06-14,11.76
2012-06-15,11.68
2012-06-18,11.56
2012-06-19,11.68
2012-06-20,11.75
2012-06-21,11.65
2012-06-22,11.55
2012-06-25,11.56
2012-06-26,11.51
2012-06-27,11.43
2012-06-28,11.49
2012-06-29,11.97
2012-07-02,12.14
2012-07-03,12.08
2012-07-04,12.13
2012-07-05,12.1
2012-07-06,12.07
2012-07-10,12.54
2012-07-11,12.48
2012-07-12,13.41
2012-07-13,14.29
2012-07-16,14.12
2012-07-17,14.89
2012-07-18,14.72
2012-07-19,15.04
2012-07-20,15.4
2012-07-23,15.67
2012-07-24,15.98
2012-07-25,16.19
2012-07-26,16.23
2012-07-27,16.21
2012-07-30,16.11
2012-07-31,16.21
2012-08-01,16.37
2012-08-02,16.34
2012-08-03,16.56
2012-08-06,16.48
2012-08-07,16.51
2012-08-08,16.63
2012-08-09,16.58
2012-08-10,16.54
2012-08-13,16.62
2012-08-14,16.57
2012-08-15,16.41
2012-08-16,16.39
2012-08-17,16.42
2012-08-20,16.31
2012-08-21,16.34
2012-08-22,16.21
2012-08-23,16.32
2012-08-24,16.35
2012-08-27,16.33
2012-08-28,16.13
2012-08-29,16.17
2012-08-30,16.2
2012-08-31,16.27
2012-09-03,16.26
2012-09-04,16.13
2012-09-05,16.14
2012-09-06,16.24
2012-09-10,16.26
2012-09-11,16.52
2012-09-12,16.25
2012-09-13,16.12
2012-09-14,16.04
2012-09-17,15.94
2012-09-18,15.94
2012-09-19,15.86
2012-09-20,15.85
2012-09-21,15.72
2012-09-24,15.61
2012-09-25,15.43
2012-09-26,15.28
2012-09-27,15.24
2012-09-28,15.23
2012-10-01,15.31
2012-10-02,15.19
2012-10-03,15.1
2012-10-04,15.26
2012-10-05,15.16
2012-10-08,15.14
2012-10-09,15.08
2012-10-10,15.2
2012-10-11,15.24
2012-10-15,15.35
2012-10-16,15.14
2012-10-17,15.31
2012-10-18,15.42
2012-10-19,15.4
2012-10-22,15.47
2012-10-23,15.56
2012-10-24,15.75
2012-10-25,15.85
2012-10-26,15.94
2012-10-29,15.9
2012-10-30,16.03
2012-10-31,16.05
2012-11-01,16.27
2012-11-05,16.25
2012-11-06,16.38
2012-11-07,16.41
2012-11-08,16.42
2012-11-09,16.4
2012-11-12,16.38
2012-11-13,16.34
2012-11-14,16.48
2012-11-16,16.33
2012-11-19,16.4
2012-11-20,16.35
2012-11-21,16.32
2012-11-22,16.32
2012-11-23,16.45
2012-11-26,16.53
2012-11-27,16.6
2012-11-28,16.96
2012-11-29,16.89
2012-11-30,16.77
2012-12-03,16.93
2012-12-04,16.96
2012-12-05,16.93
2012-12-06,17.08
2012-12-07,16.88
2012-12-10,16.94
2012-12-11,16.9
2012-12-12,16.76
2012-12-13,16.68
2012-12-14,16.64
2012-12-17,16.61
2012-12-18,16.68
2012-12-19,16.79
2012-12-20,16.77
2012-12-21,16.64
2012-12-26,16.75
2012-12-27,16.84
2012-12-28,16.77
2013-01-02,16.68
2013-01-03,16.64
2013-01-04,16.54
2013-01-07,16.52
2013-01-08,16.36
2013-01-09,16.27
2013-01-10,16.22
2013-01-11,16.05
2013-01-14,16.08
2013-01-15,15.94
2013-01-16,15.86
2013-01-17,15.95
2013-01-18,15.94
2013-01-21,15.85
2013-01-22,16.08
2013-01-23,16.06
2013-01-24,16.0
2013-01-25,15.86
2013-01-28,16.0
2013-01-29,16.1
2013-01-30,16.03
2013-01-31,16.06
2013-02-01,16.06
2013-02-04,15.98
2013-02-05,16.16
2013-02-06,16.22
2013-02-07,16.49
2013-02-08,16.54
2013-02-13,16.72
2013-02-14,16.74
2013-02-15,16.44
2013-02-18,16.46
2013-02-19,16.43
2013-02-20,16.3
2013-02-21,16.33
2013-02-22,16.4
2013-02-25,16.41
2013-02-26,16.39
2013-02-27,16.49
2013-02-28,16.39
2013-03-01,16.26
2013-03-04,16.36
2013-03-05,16.37
2013-03-06,16.29
2013-03-07,16.24
2013-03-08,16.25
2013-03-11,16.17
2013-03-12,15.91
2013-03-13,15.79
2013-03-14,15.52
2013-03-15,15.48
2013-03-18,15.27
2013-03-19,15.18
2013-03-20,15.01
2013-03-21,14.82
2013-03-22,14.65
2013-03-25,14.63
2013-03-26,14.51
2013-03-27,14.48
2013-03-28,14.38
2013-04-01,14.09
2013-04-02,13.96
2013-04-03,13.87
2013-04-04,13.7
2013-04-05,13.88
2013-04-08,13.96
2013-04-09,13.74
2013-04-10,13.66
2013-04-11,13.56
2013-04-12,13.56
2013-04-15,13.27
2013-04-16,13.11
2013-04-17,12.9
2013-04-18,12.72
2013-04-19,12.8
2013-04-22,12.63
2013-04-23,12.41
2013-04-24,12.5
2013-04-25,12.52
2013-04-26,12.46
2013-04-29,12.36
2013-04-30,12.44
2013-05-02,12.48
2013-05-03,12.56
2013-05-06,12.54
2013-05-07,12.71
2013-05-08,12.72
2013-05-09,12.68
2013-05-10,12.65
2013-05-13,12.8
2013-05-14,12.83
2013-05-15,12.9
2013-05-16,12.89
2013-05-17,12.92
2013-05-20,12.89
2013-05-21,13.0
2013-05-22,12.78
2013-05-23,12.93
2013-05-24,12.94
2013-05-27,12.86
2013-05-28,12.79
2013-05-29,12.67
2013-05-31,12.41
2013-06-03,12.78
2013-06-04,12.78
2013-06-05,12.85
2013-06-06,12.84
2013-06-07,12.76
2013-06-10,12.57
2013-06-11,12.4
2013-06-12,12.28
2013-06-13,12.29
2013-06-14,12.27
2013-06-17,12.04
2013-06-18,11.94
2013-06-19,11.71
2013-06-20,11.39
2013-06-21,11.5
2013-06-24,11.64
2013-06-25,11.87
2013-06-26,11.91
2013-06-27,11.92
2013-06-28,11.72
2013-07-01,11.73
2013-07-02,11.63
2013-07-03,11.49
2013-07-04,11.43
2013-07-05,11.38
2013-07-08,11.39
2013-07-10,11.11
2013-07-11,11.18
2013-07-12,11.1
2013-07-15,11.11
2013-07-16,10.92
2013-07-17,11.09
2013-07-18,11.1
2013-07-19,11.02
2013-07-22,10.96
2013-07-23,10.94
2013-07-24,10.8
2013-07-25,10.95
2013-07-26,10.88
2013-07-29,10.73
2013-07-30,10.62
2013-07-31,10.63
2013-08-01,10.37
2013-08-02,10.42
2013-08-05,10.33
2013-08-06,10.26
2013-08-07,10.16
2013-08-08,10.23
2013-08-09,10.25
2013-08-12,10.12
2013-08-13,10.06
2013-08-14,9.98
2013-08-15,9.84
2013-08-16,9.68
2013-08-19,9.78
2013-08-20,10.07
2013-08-21,10.0
2013-08-22,10.2
2013-08-23,10.51
2013-08-26,10.45
2013-08-27,10.59
2013-08-28,10.87
2013-08-29,10.65
2013-08-30,10.65
2013-09-02,10.75
2013-09-03,10.89
2013-09-04,10.93
2013-09-05,11.09
2013-09-06,11.21
2013-09-09,11.28
2013-09-10,11.15
2013-09-11,11.12
2013-09-12,11.12
2013-09-13,11.11
2013-09-16,11.07
2013-09-17,10.95
2013-09-18,11.34
2013-09-19,11.31
2013-09-20,11.18
2013-09-23,11.2
2013-09-24,11.06
2013-09-25,10.92
2013-09-26,10.84
2013-09-27,10.81
2013-09-30,10.97
2013-10-01,10.75
2013-10-02,10.83
2013-10-03,10.78
2013-10-04,10.7
2013-10-07,10.73
2013-10-08,10.71
2013-10-09,10.66
2013-10-10,10.72
2013-10-11,10.82
2013-10-14,10.81
2013-10-15,10.84
2013-10-16,10.87
2013-10-17,11.05
2013-10-18,11.0
2013-10-21,11.12
2013-10-22,11.2
2013-10-23,11.33
2013-10-24,11.39
2013-10-25,11.4
2013-10-28,11.5
2013-10-29,11.43
2013-10-30,11.44
2013-10-31,11.1
2013-11-01,10.99
2013-11-04,11.03
2013-11-05,10.9
2013-11-06,10.95
2013-11-07,10.83
2013-11-08,10.79
2013-11-11,10.7
2013-11-12,10.84
2013-11-13,11.05
2013-11-14,11.12
2013-11-18,11.35
2013-11-19,11.32
2013-11-20,11.29
2013-11-21,11.27
2013-11-22,11.37
2013-11-25,11.22
2013-11-26,11.43
2013-11-27,11.43
2013-11-28,11.44
2013-11-29,11.32
2013-12-02,11.15
2013-12-03,11.12
2013-12-04,11.03
2013-12-05,11.13
2013-12-06,11.31
2013-12-09,11.45
2013-12-10,11.42
2013-12-11,11.24
2013-12-12,11.22
2013-12-13,11.24
2013-12-16,11.27
2013-12-17,11.36
2013-12-18,11.28
2013-12-19,11.3
2013-12-20,11.21
2013-12-23,11.3
2013-12-26,11.33
2013-12-27,11.44
2013-12-30,11.26
2014-01-02,11.14
2014-01-03,11.36
2014-01-06,11.48
2014-01-07,11.57
2014-01-08,11.37
2014-01-09,11.33
2014-01-10,11.49
2014-01-13,11.6
2014-01-14,11.61
2014-01-15,11.59
2014-01-16,11.46
2014-01-17,11.5
2014-01-20,11.46
2014-01-21,11.28
2014-01-22,11.23
2014-01-23,11.03
2014-01-24,10.87
2014-01-27,10.8
2014-01-28,10.81
2014-01-29,10.77
2014-01-30,10.95
2014-01-31,11.02
2014-02-03,11.05
2014-02-04,11.36
2014-02-05,11.69
2014-02-06,11.97
2014-02-07,11.9
2014-02-10,11.79
2014-02-11,12.04
2014-02-12,12.18
2014-02-13,12.34
2014-02-14,12.63
2014-02-17,12.62
2014-02-18,12.94
2014-02-19,13.28
2014-02-20,13.7
2014-02-21,14.06
2014-02-24,14.14
2014-02-25,14.37
2014-02-26,14.33
2014-02-27,14.5
2014-02-28,14.5
2014-03-05,14.6
2014-03-06,14.59
2014-03-07,14.49
2014-03-10,14.52
2014-03-11,14.43
2014-03-12,14.35
2014-03-13,14.22
2014-03-14,14.26
2014-03-17,14.21
2014-03-18,14.08
2014-03-19,13.94
2014-03-20,13.82
2014-03-21,13.73
2014-03-24,13.78
2014-03-25,13.82
2014-03-26,13.66
2014-03-27,13.97
2014-03-28,13.9
2014-03-31,13.82
2014-04-01,13.82
2014-04-02,13.76
2014-04-03,13.71
2014-04-04,13.96
2014-04-07,14.09
2014-04-08,14.19
2014-04-09,14.3
2014-04-10,14.21
2014-04-11,14.11
2014-04-14,14.1
2014-04-15,14.09
2014-04-16,13.97
2014-04-17,13.92
2014-04-22,14.07
2014-04-23,14.09
2014-04-24,13.99
2014-04-25,13.8
2014-04-28,13.8
2014-04-29,13.65
2014-04-30,13.65
2014-05-02,13.69
2014-05-05,13.52
2014-05-06,13.62
2014-05-07,13.34
2014-05-08,13.36
2014-05-09,13.27
2014-05-12,13.28
2014-05-13,13.02
2014-05-14,13.12
2014-05-15,12.94
2014-05-16,12.81
2014-05-19,12.88
2014-05-20,12.63
2014-05-21,12.68
2014-05-22,12.61
2014-05-23,12.59
2014-05-26,12.53
2014-05-27,12.44
2014-05-28,12.55
2014-05-29,12.47
2014-05-30,12.37
2014-06-02,12.22
2014-06-03,12.16
2014-06-04,11.96
2014-06-05,12.05
2014-06-06,12.06
2014-06-09,12.13
2014-06-10,12.06
2014-06-11,11.93
2014-06-12,11.94
2014-06-13,11.85
2014-06-16,11.73
2014-06-17,11.63
2014-06-18,11.63
2014-06-20,11.61
2014-06-23,11.68
2014-06-24,11.46
2014-06-25,11.55
2014-06-26,11.46
2014-06-27,11.45
2014-06-30,11.37
2014-07-01,11.09
2014-07-02,11.19
2014-07-03,11.14
2014-07-04,11.16
2014-07-07,10.96
2014-07-08,11.06
2014-07-10,10.97
2014-07-11,10.93
2014-07-14,10.83
2014-07-15,10.76
2014-07-16,10.73
2014-07-17,10.47
2014-07-18,10.51
2014-07-21,10.39
2014-07-22,10.4
2014-07-23,10.31
2014-07-24,10.32
2014-07-25,10.19
2014-07-28,10.24
2014-07-29,10.18
2014-07-30,10.11
2014-07-31,10.01
2014-08-01,10.14
2014-08-04,10.13
2014-08-05,9.94
2014-08-06,10.21
2014-08-07,10.19
2014-08-08,10.16
2014-08-11,10.21
2014-08-12,10.18
2014-08-13,10.12
2014-08-14,10.12
2014-08-15,10.12
2014-08-18,10.12
2014-08-19,10.13
2014-08-20,10.08
2014-08-21,10.0
2014-08-22,9.93
2014-08-25,9.94
2014-08-26,10.07
2014-08-27,10.12
2014-08-28,10.1
2014-08-29,10.08
2014-09-01,10.04
2014-09-02,9.94
2014-09-03,9.94
2014-09-04,9.77
2014-09-05,9.78
2014-09-08,9.65
2014-09-09,9.51
2014-09-10,9.52
2014-09-11,9.59
2014-09-12,9.34
2014-09-15,9.39
2014-09-16,9.4
2014-09-17,9.35
2014-09-18,9.3
2014-09-19,9.23
2014-09-22,9.17
2014-09-23,9.18
2014-09-24,9.26
2014-09-25,9.1
2014-09-26,9.16
2014-09-29,9.04
2014-09-30,8.99
2014-10-01,8.77
2014-10-02,8.81
2014-10-03,8.89
2014-10-06,9.03
2014-10-07,9.06
2014-10-08,9.26
2014-10-09,9.24
2014-10-10,9.1
2014-10-13,9.37
2014-10-14,9.52
2014-10-15,9.34
2014-10-16,9.24
2014-10-17,9.75
2014-10-20,9.68
2014-10-21,9.93
2014-10-22,9.91
2014-10-23,9.95
2014-10-24,10.19
2014-10-27,10.04
2014-10-28,10.51
2014-10-29,10.62
2014-10-30,10.92
2014-10-31,10.6
2014-11-03,10.6
2014-11-04,10.54
2014-11-05,10.65
2014-11-06,10.42
2014-11-07,10.45
2014-11-10,10.54
2014-11-11,10.65
2014-11-12,10.85
2014-11-13,10.61
2014-11-14,10.73
2014-11-17,10.73
2014-11-18,11.04
2014-11-19,11.15
2014-11-20,11.04
2014-11-21,11.28
2014-11-24,11.25
2014-11-25,11.2
2014-11-26,11.21
2014-11-27,11.09
2014-11-28,10.72
2014-12-01,10.62
2014-12-02,10.4
2014-12-03,10.48
2014-12-04,10.33
2014-12-05,10.25
2014-12-08,10.22
2014-12-09,10.31
2014-12-10,10.32
2014-12-11,10.28
2014-12-12,10.32
2014-12-15,10.39
2014-12-16,10.26
2014-12-17,10.4
2014-12-18,10.7
2014-12-19,10.73
2014-12-22,10.72
2014-12-23,10.59
2014-12-26,10.71
2014-12-29,10.62
2014-12-30,10.83
2015-01-02,10.67
2015-01-05,10.51
2015-01-06,10.45
2015-01-07,10.38
2015-01-08,10.51
2015-01-09,10.59
2015-01-12,10.35
2015-01-13,10.48
2015-01-14,10.48
2015-01-15,10.43
2015-01-16,10.39
2015-01-19,10.27
2015-01-20,10.43
2015-01-21,10.4
2015-01-22,10.43
2015-01-23,10.38
2015-01-26,10.35
2015-01-27,10.35
2015-01-28,10.32
2015-01-29,10.21
2015-01-30,9.97
2015-02-02,9.9
2015-02-03,10.0
2015-02-04,9.88
2015-02-05,10.07
2015-02-06,9.97
2015-02-09,9.94
2015-02-10,9.76
2015-02-11,9.63
2015-02-12,9.79
2015-02-13,9.87
2015-02-18,9.86
2015-02-19,9.84
2015-02-20,9.87
2015-02-23,10.01
2015-02-24,10.18
2015-02-25,10.09
2015-02-26,10.09
2015-02-27,10.14
2015-03-02,10.13
2015-03-03,10.05
2015-03-04,9.89
2015-03-05,9.78
2015-03-06,9.65
2015-03-09,9.44
2015-03-10,9.53
2015-03-11,9.49
2015-03-12,9.42
2015-03-13,9.09
2015-03-16,9.12
2015-03-17,9.11
2015-03-18,9.18
2015-03-19,9.03
2015-03-20,9.17
2015-03-23,9.34
2015-03-24,9.32
2015-03-25,9.09
2015-03-26,9.12
2015-03-27,8.99
2015-03-30,9.05
2015-03-31,9.18
2015-04-01,9.24
2015-04-02,9.36
2015-04-06,9.26
2015-04-07,9.19
2015-04-08,9.34
2015-04-09,9.28
2015-04-10,9.18
2015-04-13,9.03
2015-04-14,9.06
2015-04-15,9.03
2015-04-16,9.1
2015-04-17,8.9
2015-04-20,8.96
2015-04-22,8.96
2015-04-23,9.04
2015-04-24,9.04
2015-04-27,9.1
2015-04-28,8.97
2015-04-29,8.87
2015-04-30,8.63
2015-05-04,8.39
2015-05-05,8.4
2015-05-06,8.47
2015-05-07,8.48
2015-05-08,8.6
2015-05-11,8.4
2015-05-12,8.47
2015-05-13,8.36
2015-05-14,8.48
2015-05-15,8.44
2015-05-18,8.37
2015-05-19,8.22
2015-05-20,8.31
2015-05-21,8.26
2015-05-22,8.13
2015-05-25,8.09
2015-05-26,8.02
2015-05-27,7.94
2015-05-28,7.89
2015-05-29,7.82
2015-06-01,7.87
2015-06-02,7.91
2015-06-03,7.92
2015-06-05,7.89
2015-06-08,7.98
2015-06-09,7.96
2015-06-10,7.96
2015-06-11,8.02
2015-06-12,7.96
2015-06-15,7.96
2015-06-16,8.14
2015-06-17,8.23
2015-06-18,8.21
2015-06-19,8.06
2015-06-22,8.12
2015-06-23,8.16
2015-06-24,8.11
2015-06-25,8.1
2015-06-26,8.16
2015-06-29,8.12
2015-06-30,8.2
2015-07-01,8.1
2015-07-02,8.2
2015-07-03,8.13
2015-07-06,8.05
2015-07-07,8.02
2015-07-08,7.98
2015-07-09,8.0
2015-07-10,8.22
2015-07-13,8.17
2015-07-14,8.45
2015-07-15,8.48
2015-07-16,8.36
2015-07-17,8.31
2015-07-20,8.27
2015-07-21,8.45
2015-07-22,8.14
2015-07-23,7.95
2015-07-24,7.83
2015-07-27,7.71
2015-07-28,7.66
2015-07-29,7.79
2015-07-30,7.65
2015-07-31,7.59
2015-08-03,7.58
2015-08-04,7.65
2015-08-05,7.62
2015-08-06,7.66
2015-08-07,7.86
2015-08-10,7.99
2015-08-11,7.96
2015-08-12,7.94
2015-08-13,7.88
2015-08-14,7.86
2015-08-17,7.86
2015-08-18,7.81
2015-08-19,7.85
2015-08-20,7.97
2015-08-21,7.84
2015-08-24,7.76
2015-08-25,7.71
2015-08-26,7.67
2015-08-27,7.82
2015-08-28,7.79
2015-08-31,7.75
2015-09-01,7.77
2015-09-02,7.74
2015-09-03,7.78
2015-09-04,7.68
2015-09-08,7.76
2015-09-09,7.8
2015-09-10,7.76
2015-09-11,7.8
2015-09-14,8.02
2015-09-15,8.04
2015-09-16,8.18
2015-09-17,8.14
2015-09-18,7.95
2015-09-21,7.89
2015-09-22,7.84
2015-09-23,7.74
2015-09-24,8.06
2015-09-25,8.19
2015-09-28,8.08
2015-09-29,8.17
2015-09-30,8.48
2015-10-01,8.4
2015-10-02,8.46
2015-10-05,8.57
2015-10-06,8.64
2015-10-07,8.52
2015-10-08,8.6
2015-10-09,8.63
2015-10-13,8.35
2015-10-14,8.46
2015-10-15,8.47
2015-10-16,8.35
2015-10-19,8.26
2015-10-20,8.24
2015-10-21,8.25
2015-10-22,8.35
2015-10-23,8.46
2015-10-26,8.39
2015-10-27,8.48
2015-10-28,8.42
2015-10-29,8.67
2015-10-30,8.79
2015-11-03,8.95
2015-11-04,8.86
2015-11-05,8.89
2015-11-06,8.93
2015-11-09,8.9
2015-11-10,8.96
2015-11-11,8.97
2015-11-12,9.03
2015-11-13,8.83
2015-11-16,8.83
2015-11-17,8.71
2015-11-18,8.81
2015-11-19,8.91
2015-11-20,9.07
2015-11-23,8.96
2015-11-24,9.08
2015-11-25,8.9
2015-11-26,8.84
2015-11-27,8.73
2015-11-30,8.56
2015-12-01,8.75
2015-12-02,8.8
2015-12-03,9.11
2015-12-04,9.13
2015-12-07,9.01
2015-12-08,9.16
2015-12-09,9.29
2015-12-10,9.22
2015-12-11,9.17
2015-12-14,9.15
2015-12-15,9.16
2015-12-16,9.09
2015-12-17,9.17
2015-12-18,9.06
2015-12-21,9.01
2015-12-22,9.07
2015-12-23,9.18
2015-12-28,9.39
2015-12-29,9.42
2015-12-30,9.3
2016-01-04,9.22
2016-01-05,9.37
2016-01-06,9.56
2016-01-07,9.59
2016-01-08,9.79
2016-01-11,9.97
2016-01-12,10.33
2016-01-13,10.65
2016-01-14,10.88
2016-01-15,10.71
2016-01-18,10.74
2016-01-19,10.67
2016-01-20,10.52
2016-01-21,10.46
2016-01-22,10.54
2016-01-25,10.44
2016-01-26,10.56
2016-01-27,10.49
2016-01-28,10.49
2016-01-29,10.5
2016-02-01,10.72
2016-02-02,10.63
2016-02-03,10.87
2016-02-04,10.92
2016-02-05,10.82
2016-02-10,10.85
2016-02-11,10.77
2016-02-12,10.75
2016-02-15,10.76
2016-02-16,10.57
2016-02-17,10.78
2016-02-18,10.64
2016-02-19,10.71
2016-02-22,10.92
2016-02-23,10.91
2016-02-24,11.01
2016-02-25,11.09
2016-02-26,10.95
2016-02-29,10.92
2016-03-01,11.21
2016-03-02,11.48
2016-03-03,11.8
2016-03-04,11.91
2016-03-07,11.93
2016-03-08,12.22
2016-03-09,12.53
2016-03-10,13.1
2016-03-11,13.18
2016-03-14,13.13
2016-03-15,12.91
2016-03-16,13.01
2016-03-17,13.36
2016-03-18,13.64
2016-03-21,13.6
2016-03-22,13.87
2016-03-23,13.54
2016-03-24,13.4
2016-03-28,13.74
2016-03-29,13.72
2016-03-30,13.7
2016-03-31,13.79
2016-04-01,13.98
2016-04-04,13.75
2016-04-05,13.44
2016-04-06,13.53
2016-04-07,13.37
2016-04-08,13.71
2016-04-11,14.0
2016-04-12,13.94
2016-04-13,14.03
2016-04-14,13.97
2016-04-15,13.74
2016-04-18,13.46
2016-04-19,13.78
2016-04-20,13.77
2016-04-22,13.66
2016-04-25,13.63
2016-04-26,13.86
2016-04-27,13.78
2016-04-28,13.93
2016-04-29,14.15
2016-05-02,14.09
2016-05-03,13.86
2016-05-04,13.99
2016-05-05,14.01
2016-05-06,14.3
2016-05-09,14.17
2016-05-10,14.42
2016-05-11,14.63
2016-05-12,14.7
2016-05-13,14.68
2016-05-16,14.75
2016-05-17,14.85
2016-05-18,14.84
2016-05-19,14.79
2016-05-20,14.95
2016-05-23,14.75
2016-05-24,14.81
2016-05-25,14.75
2016-05-27,14.69
2016-05-30,14.9
2016-05-31,14.69
2016-06-01,14.81
2016-06-02,15.04
2016-06-03,15.26
2016-06-06,15.23
2016-06-07,15.44
2016-06-08,15.84
2016-06-09,15.77
2016-06-10,15.57
2016-06-13,15.32
2016-06-14,15.13
2016-06-15,15.02
2016-06-16,14.98
2016-06-17,14.79
2016-06-20,14.25
2016-06-21,13.54
2016-06-22,13.17
2016-06-23,12.9
2016-06-24,12.64
2016-06-27,12.55
2016-06-28,12.78
2016-06-29,12.78
2016-06-30,12.84
2016-07-01,12.73
2016-07-04,12.73
2016-07-05,12.52
2016-07-06,12.33
2016-07-07,12.46
2016-07-08,12.67
2016-07-11,12.46
2016-07-12,12.69
2016-07-13,12.96
2016-07-14,13.29
2016-07-15,13.49
2016-07-18,13.84
2016-07-19,14.1
2016-07-20,14.38
2016-07-21,14.4
2016-07-22,14.54
2016-07-25,14.43
2016-07-26,14.69
2016-07-27,14.67
2016-07-28,14.53
2016-07-29,14.89
2016-08-01,14.84
2016-08-02,14.72
2016-08-03,14.63
2016-08-04,14.83
2016-08-05,14.87
2016-08-08,14.81
2016-08-09,14.84
2016-08-10,14.85
2016-08-11,14.63
2016-08-12,14.36
2016-08-15,14.28
2016-08-16,14.07
2016-08-17,14.01
2016-08-18,13.77
2016-08-19,13.9
2016-08-22,13.88
2016-08-23,13.79
2016-08-24,13.76
2016-08-25,13.75
2016-08-26,13.37
2016-08-29,13.4
2016-08-30,13.21
2016-08-31,13.25
2016-09-01,13.05
2016-09-02,13.22
2016-09-05,13.1
2016-09-06,13.32
2016-09-08,13.05
2016-09-09,12.86
2016-09-12,12.93
2016-09-13,12.71
2016-09-14,12.66
2016-09-15,12.87
2016-09-16,13.11
2016-09-19,12.93
2016-09-20,12.93
2016-09-21,13.06
2016-09-22,12.83
2016-09-23,12.65
2016-09-26,12.47
2016-09-27,12.63
2016-09-28,12.68
2016-09-29,12.62
2016-09-30,12.77
2016-10-03,13.09
2016-10-04,13.12
2016-10-05,13.43
2016-10-06,13.57
2016-10-07,13.57
2016-10-10,13.66
2016-10-11,13.67
2016-10-13,13.76
2016-10-14,13.57
2016-10-17,13.43
2016-10-18,13.38
2016-10-19,13.29
2016-10-20,13.3
2016-10-21,12.99
2016-10-24,12.95
2016-10-25,12.9
2016-10-26,12.72
2016-10-27,12.74
2016-10-28,12.61
2016-10-31,12.83
2016-11-01,12.6
2016-11-03,12.62
2016-11-04,12.61
2016-11-07,12.6
2016-11-08,12.57
2016-11-09,12.29
2016-11-10,11.63
2016-11-11,11.54
2016-11-14,11.49
2016-11-16,11.71
2016-11-17,11.62
2016-11-18,11.55
2016-11-21,11.32
2016-11-22,11.19
2016-11-23,11.05
2016-11-24,10.94
2016-11-25,10.74
2016-11-28,10.89
2016-11-29,10.72
2016-11-30,10.78
2016-12-01,10.53
2016-12-02,10.55
2016-12-05,10.73
2016-12-06,10.95
2016-12-07,10.98
2016-12-08,11.29
2016-12-09,11.26
2016-12-12,11.46
2016-12-13,11.75
2016-12-14,11.61
2016-12-15,11.45
2016-12-16,11.46
2016-12-19,11.67
2016-12-20,11.75
2016-12-21,11.67
2016-12-22,11.85
2016-12-23,11.86
2016-12-26,11.85
2016-12-27,11.84
2016-12-28,11.74
2016-12-29,11.75
2017-01-02,11.72
2017-01-03,11.65
2017-01-04,11.56
2017-01-05,11.54
2017-01-06,11.27
2017-01-09,11.19
2017-01-10,10.89
2017-01-11,10.81
2017-01-12,10.85
2017-01-13,10.63
2017-01-16,10.58
2017-01-17,10.75
2017-01-18,10.91
2017-01-19,10.96
2017-01-20,11.2
2017-01-23,11.47
2017-01-24,11.48
2017-01-25,11.52
2017-01-26,11.52
2017-01-27,11.63
2017-01-30,11.73
2017-01-31,11.57
2017-02-01,11.45
2017-02-02,11.53
2017-02-03,11.69
2017-02-06,11.63
2017-02-07,11.54
2017-02-08,11.67
2017-02-09,11.64
2017-02-10,11.77
2017-02-13,11.74
2017-02-14,11.74
2017-02-15,11.76
2017-02-16,11.74
2017-02-17,11.66
2017-02-20,11.64
2017-02-21,11.66
2017-02-22,11.86
2017-02-23,11.8
2017-02-24,11.61
2017-03-01,11.62
2017-03-02,11.48
2017-03-03,11.64
2017-03-06,11.5
2017-03-07,11.52
2017-03-08,11.23
2017-03-09,11.13
2017-03-10,11.29
2017-03-13,11.06
2017-03-14,11.13
2017-03-15,11.28
2017-03-16,11.22
2017-03-17,11.18
2017-03-20,11.18
2017-03-21,10.76
2017-03-22,10.6
2017-03-23,10.12
2017-03-24,10.18
2017-03-27,9.73
2017-03-28,9.68
2017-03-29,9.67
2017-03-30,9.65
2017-03-31,9.63
2017-04-03,9.44
2017-04-04,9.31
2017-04-05,9.16
2017-04-06,8.98
2017-04-07,8.92
2017-04-10,8.9
2017-04-11,8.73
2017-04-12,8.75
2017-04-13,8.84
2017-04-17,8.98
2017-04-18,9.15
2017-04-19,9.06
2017-04-20,9.07
2017-04-24,9.25
2017-04-25,9.05
2017-04-26,9.0
2017-04-27,8.89
2017-04-28,8.88
2017-05-02,8.85
2017-05-03,8.95
2017-05-04,8.95
2017-05-05,8.9
2017-05-08,8.83
2017-05-09,8.81
2017-05-10,8.89
2017-05-11,8.88
2017-05-12,8.99
2017-05-15,9.05
2017-05-16,9.0
2017-05-17,8.87
2017-05-18,8.22
2017-05-19,8.61
2017-05-22,8.5
2017-05-23,8.54
2017-05-24,8.42
2017-05-25,8.24
2017-05-26,8.33
2017-05-29,8.23
2017-05-30,8.22
2017-05-31,8.18
2017-06-01,8.16
2017-06-02,8.14
2017-06-05,8.09
2017-06-06,8.18
2017-06-07,8.18
2017-06-08,8.33
2017-06-09,8.33
2017-06-12,8.19
2017-06-13,8.25
2017-06-14,8.24
2017-06-16,8.25
2017-06-19,8.27
2017-06-20,8.17
2017-06-21,8.12
2017-06-22,8.06
2017-06-23,8.03
2017-06-26,7.99
2017-06-27,7.94
2017-06-28,7.98
2017-06-29,7.84
2017-06-30,7.7
2017-07-03,7.91
2017-07-04,7.94
2017-07-05,8.11
2017-07-06,8.08
2017-07-07,8.16
2017-07-10,8.24
2017-07-11,8.37
2017-07-12,8.44
2017-07-13,8.29
2017-07-14,8.25
2017-07-17,8.29
2017-07-18,8.45
2017-07-19,8.51
2017-07-20,8.51
2017-07-21,8.42
2017-07-24,8.24
2017-07-25,8.13
2017-07-26,8.12
2017-07-27,8.09
2017-07-28,8.11
2017-07-31,8.16
2017-08-01,8.12
2017-08-02,8.11
2017-08-03,8.09
2017-08-04,8.24
2017-08-07,8.33
2017-08-08,8.28
2017-08-09,8.25
2017-08-10,8.25
2017-08-11,8.31
2017-08-14,8.3
2017-08-15,8.52
2017-08-16,8.72
2017-08-17,8.69
2017-08-18,8.89
2017-08-21,8.78
2017-08-22,8.71
2017-08-23,8.74
2017-08-24,8.58
2017-08-25,8.54
2017-08-28,8.53
2017-08-29,8.48
2017-08-30,8.52
2017-08-31,8.67
2017-09-01,8.7
2017-09-04,8.91
2017-09-05,8.97
2017-09-06,9.05
2017-09-08,9.1
2017-09-11,9.16
2017-09-12,9.06
2017-09-13,9.09
2017-09-14,9.25
2017-09-15,9.27
2017-09-18,9.25
2017-09-19,9.27
2017-09-20,9.57
2017-09-21,9.67
2017-09-22,9.8
2017-09-25,9.67
2017-09-26,9.52
2017-09-27,9.42
2017-09-28,9.41
2017-09-29,9.49
2017-10-02,9.63
2017-10-03,9.44
2017-10-04,9.45
2017-10-05,9.4
2017-10-06,9.63
2017-10-09,9.68
2017-10-10,9.81
2017-10-11,9.88
2017-10-13,9.92
2017-10-16,10.01
2017-10-17,10.04
2017-10-18,10.03
2017-10-19,9.9
2017-10-20,9.96
2017-10-23,9.94
2017-10-24,9.83
2017-10-25,9.92
2017-10-26,9.61
2017-10-27,9.79
2017-10-30,9.76
2017-10-31,9.84
2017-11-01,10.07
2017-11-03,9.96
2017-11-06,9.85
2017-11-07,9.97
2017-11-08,10.03
2017-11-09,9.99
2017-11-10,9.97
2017-11-13,9.81
2017-11-14,9.76
2017-11-16,9.84
2017-11-17,9.83
2017-11-20,9.74
2017-11-21,9.66
2017-11-22,9.58
2017-11-23,9.53
2017-11-24,9.56
2017-11-27,9.5
2017-11-28,9.44
2017-11-29,9.4
2017-11-30,9.34
2017-12-01,9.49
2017-12-04,9.62
2017-12-05,9.69
2017-12-06,9.8
2017-12-07,9.62
2017-12-08,9.57
2017-12-11,9.6
2017-12-12,9.57
2017-12-13,9.77
2017-12-14,9.59
2017-12-15,9.79
2017-12-18,9.88
2017-12-19,10.02
2017-12-20,10.12
2017-12-21,10.07
2017-12-22,9.99
2017-12-26,10.11
2017-12-27,10.18
2017-12-28,10.21
2018-01-02,10.36
2018-01-03,10.38
2018-01-04,10.42
2018-01-05,10.31
2018-01-08,10.24
2018-01-09,10.05
2018-01-10,10.13
2018-01-11,10.06
2018-01-12,10.23
2018-01-15,10.1
2018-01-16,9.86
2018-01-17,10.01
2018-01-18,10.05
2018-01-19,10.11
2018-01-22,10.17
2018-01-23,10.04
2018-01-24,10.13
2018-01-25,10.31
2018-01-26,10.35
2018-01-29,10.29
2018-01-30,10.28
2018-01-31,10.28
2018-02-01,10.36
2018-02-02,10.34
2018-02-05,10.2
2018-02-06,10.31
2018-02-07,10.19
2018-02-08,10.16
2018-02-09,10.08
2018-02-14,10.38
2018-02-15,10.46
2018-02-16,10.57
2018-02-19,10.58
2018-02-20,10.65
2018-02-21,10.83
2018-02-22,11.12
2018-02-23,11.34
2018-02-26,11.45
2018-02-27,11.84
2018-02-28,12.11
2018-03-01,12.21
2018-03-02,12.32
2018-03-05,12.75
2018-03-06,12.79
2018-03-07,12.63
2018-03-08,12.66
2018-03-09,12.74
2018-03-12,12.99
2018-03-13,13.15
2018-03-14,13.15
2018-03-15,12.85
2018-03-16,12.66
2018-03-19,12.62
2018-03-20,12.58
2018-03-21,12.76
2018-03-22,12.6
2018-03-23,12.38
2018-03-26,12.49
2018-03-27,12.33
2018-03-28,12.24
2018-03-29,12.22
2018-04-02,12.02
2018-04-03,12.01
2018-04-04,12.23
2018-04-05,12.31
2018-04-06,12.27
2018-04-09,12.18
2018-04-10,12.04
2018-04-11,12.08
2018-04-12,11.9
2018-04-13,11.66
2018-04-16,11.73
2018-04-17,11.76
2018-04-18,11.78
2018-04-19,11.62
2018-04-20,11.38
2018-04-23,11.14
2018-04-24,11.2
2018-04-25,11.16
2018-04-26,11.16
2018-04-27,11.26
2018-04-30,11.24
2018-05-02,11.22
2018-05-03,11.35
2018-05-04,11.48
2018-05-07,11.68
2018-05-08,11.65
2018-05-09,11.69
2018-05-10,11.85
2018-05-11,11.78
2018-05-14,11.62
2018-05-15,11.54
2018-05-16,11.55
2018-05-17,11.49
2018-05-18,11.38
2018-05-21,11.76
2018-05-22,11.99
2018-05-23,12.17
2018-05-24,12.19
2018-05-25,12.04
2018-05-28,11.81
2018-05-29,12.02
2018-05-30,12.16
2018-06-01,12.19
2018-06-04,11.97
2018-06-05,11.49
2018-06-06,11.44
2018-06-07,11.12
2018-06-08,11.64
2018-06-11,11.53
2018-06-12,11.23
2018-06-13,10.95
2018-06-14,10.6
2018-06-15,10.76
2018-06-18,10.67
2018-06-19,10.58
2018-06-20,10.26
2018-06-21,10.26
2018-06-22,10.03
2018-06-25,9.98
2018-06-26,9.84
2018-06-27,9.65
2018-06-28,9.57
2018-06-29,9.54
2018-07-02,9.41
2018-07-03,9.3
2018-07-04,9.02
2018-07-05,9.26
2018-07-06,9.27
2018-07-09,9.3
2018-07-10,9.71
2018-07-11,9.44
2018-07-12,9.53
2018-07-13,9.53
2018-07-16,9.64
2018-07-17,9.66
2018-07-18,9.73
2018-07-19,9.66
2018-07-20,9.98
2018-07-23,9.96
2018-07-24,10.05
2018-07-25,10.23
2018-07-26,10.17
2018-07-27,10.38
2018-07-30,10.4
2018-07-31,10.48
2018-08-01,10.51
2018-08-02,10.58
2018-08-03,10.74
2018-08-06,10.74
2018-08-07,10.99
2018-08-08,11.11
2018-08-09,11.03
2018-08-10,10.92
2018-08-13,10.69
2018-08-14,10.68
2018-08-15,10.61
2018-08-16,10.66
2018-08-17,10.54
2018-08-20,10.43
2018-08-21,10.22
2018-08-22,10.23
2018-08-23,10.13
2018-08-24,10.15
2018-08-27,10.16
2018-08-28,9.91
2018-08-29,10.0
2018-08-30,9.9
2018-08-31,10.1
2018-09-03,9.86
2018-09-04,9.83
2018-09-05,9.89
2018-09-06,9.88
2018-09-10,10.03
2018-09-11,9.8
2018-09-12,9.77
2018-09-13,9.66
2018-09-14,9.78
2018-09-17,9.92
2018-09-18,9.78
2018-09-19,9.77
2018-09-20,9.79
2018-09-21,9.8
2018-09-24,9.76
2018-09-25,9.68
2018-09-26,9.82
2018-09-27,9.91
2018-09-28,9.75
2018-10-01,9.78
2018-10-02,9.94
2018-10-03,9.89
2018-10-04,9.86
2018-10-05,10.03
2018-10-08,10.14
2018-10-09,10.12
2018-10-10,9.84
2018-10-11,9.84
2018-10-15,9.87
2018-10-16,9.83
2018-10-17,9.77
2018-10-18,9.61
2018-10-19,9.49
2018-10-22,9.51
2018-10-23,9.43
2018-10-24,9.31
2018-10-25,9.45
2018-10-26,9.47
2018-10-29,9.3
2018-10-30,9.35
2018-10-31,9.21
2018-11-01,9.29
2018-11-05,9.35
2018-11-06,9.3
2018-11-07,9.55
2018-11-08,9.54
2018-11-09,9.63
2018-11-12,9.69
2018-11-13,9.58
2018-11-14,9.72
2018-11-16,9.85
2018-11-19,9.81
2018-11-20,9.83
2018-11-21,9.87
2018-11-22,9.82
2018-11-23,9.77
2018-11-26,9.66
2018-11-27,9.6
2018-11-28,9.79
2018-11-29,9.61
2018-11-30,9.8
2018-12-03,9.8
2018-12-04,9.49
2018-12-05,9.68
2018-12-06,9.72
2018-12-07,9.66
2018-12-10,9.55
2018-12-11,9.36
2018-12-12,9.65
2018-12-13,9.62
2018-12-14,9.65
2018-12-17,9.77
2018-12-18,9.59
2018-12-19,9.81
2018-12-20,10.09
2018-12-21,9.92
2018-12-26,9.9
2018-12-27,10.03
2018-12-28,10.05
2019-01-02,10.29
2019-01-03,10.49
2019-01-04,10.59
2019-01-07,10.5
2019-01-08,10.47
2019-01-09,10.54
2019-01-10,10.46
2019-01-11,10.44
2019-01-14,10.47
2019-01-15,10.26
2019-01-16,10.25
2019-01-17,10.12
2019-01-18,10.2
2019-01-21,10.34
2019-01-22,10.21
2019-01-23,10.24
2019-01-24,10.31
2019-01-25,10.33
2019-01-28,10.53
2019-01-29,10.65
2019-01-30,10.62
2019-01-31,10.77
2019-02-01,10.82
2019-02-04,10.81
2019-02-05,10.8
2019-02-06,10.79
2019-02-07,10.68
2019-02-08,10.71
2019-02-11,10.69
2019-02-12,10.99
2019-02-13,10.88
2019-02-14,10.9
2019-02-15,11.1
2019-02-18,10.99
2019-02-19,11.23
2019-02-20,11.12
2019-02-21,11.07
2019-02-22,11.15
2019-02-25,11.32
2019-02-26,11.22
2019-02-27,11.22
2019-02-28,11.29
2019-03-01,11.02
2019-03-06,10.9
2019-03-07,10.81
2019-03-08,10.89
2019-03-11,10.94
2019-03-12,10.8
2019-03-13,10.6
2019-03-14,10.41
2019-03-15,10.37
2019-03-18,10.44
2019-03-19,10.25
2019-03-20,10.17
2019-03-21,10.04
2019-03-22,9.84
2019-03-25,10.06
2019-03-26,9.96
2019-03-27,9.73
2019-03-28,9.87
2019-03-29,9.82
2019-04-01,9.76
2019-04-02,9.92
2019-04-03,9.97
2019-04-04,9.95
2019-04-05,9.85
2019-04-08,9.72
2019-04-09,9.62
2019-04-10,9.69
2019-04-11,9.64
2019-04-12,9.44
2019-04-15,9.49
2019-04-16,9.43
2019-04-17,9.2
2019-04-18,9.12
2019-04-22,9.14
2019-04-23,9.1
2019-04-24,8.76
2019-04-25,8.78
2019-04-26,8.72
2019-04-29,8.58
2019-04-30,8.58
2019-05-02,8.53
2019-05-03,8.44
2019-05-06,8.31
2019-05-07,8.27
2019-05-08,8.37
2019-05-09,8.36
2019-05-10,8.35
2019-05-13,8.33
2019-05-14,8.38
2019-05-15,8.43
2019-05-16,8.48
2019-05-17,8.46
2019-05-20,8.6
2019-05-21,8.79
2019-05-22,8.83
2019-05-23,8.82
2019-05-24,8.9
2019-05-27,8.88
2019-05-28,9.29
2019-05-29,9.51
2019-05-30,9.65
2019-05-31,9.82
2019-06-03,9.69
2019-06-04,9.88
2019-06-05,9.69
2019-06-06,9.64
2019-06-07,9.61
2019-06-10,9.47
2019-06-11,9.41
2019-06-12,9.61
2019-06-13,9.67
2019-06-14,9.84
2019-06-17,9.89
2019-06-18,10.12
2019-06-19,10.05
2019-06-21,10.1
2019-06-24,10.08
2019-06-25,10.09
2019-06-26,10.11
2019-06-27,10.12
2019-06-28,10.13
2019-07-01,9.96
2019-07-02,9.85
2019-07-03,9.88
2019-07-04,9.97
2019-07-05,9.77
2019-07-08,9.83
2019-07-09,9.94
2019-07-10,9.97
2019-07-11,9.85
2019-07-12,9.95
2019-07-15,9.9
2019-07-16,9.99
2019-07-17,9.93
2019-07-18,9.92
2019-07-19,9.84
2019-07-22,9.83
2019-07-23,9.67
2019-07-24,9.71
2019-07-25,9.62
2019-07-26,9.65
2019-07-29,9.66
2019-07-30,9.57
2019-07-31,9.5
2019-08-01,9.36
2019-08-02,9.23
2019-08-05,9.05
2019-08-06,9.15
2019-08-07,9.12
2019-08-08,9.31
2019-08-09,9.29
2019-08-12,9.19
2019-08-13,9.21
2019-08-14,8.9
2019-08-15,9.07
2019-08-16,9.03
2019-08-19,8.92
2019-08-20,9.01
2019-08-21,9.07
2019-08-22,8.97
2019-08-23,8.89
2019-08-26,8.86
2019-08-27,8.83
2019-08-28,8.86
2019-08-29,8.93
2019-08-30,8.89
2019-09-02,8.9
2019-09-03,8.84
2019-09-04,8.93
2019-09-05,8.94
2019-09-06,9.04
2019-09-09,8.96
2019-09-10,9.05
2019-09-11,9.17
2019-09-12,9.23
2019-09-13,9.19
2019-09-16,9.2
2019-09-17,9.24
2019-09-18,9.18
2019-09-19,9.12
2019-09-20,9.12
2019-09-23,9.13
2019-09-24,9.11
2019-09-25,9.34
2019-09-26,9.34
2019-09-27,9.36
2019-09-30,9.32
2019-10-01,9.39
2019-10-02,9.57
2019-10-03,9.73
2019-10-04,9.84
2019-10-07,9.71
2019-10-08,9.74
2019-10-09,9.9
2019-10-10,9.78
2019-10-11,9.89
2019-10-14,9.83
2019-10-15,9.97
2019-10-16,10.06
2019-10-17,10.13
2019-10-18,10.46
2019-10-21,10.51
2019-10-22,10.68
2019-10-23,10.81
2019-10-24,10.66
2019-10-25,10.68
2019-10-28,10.71
2019-10-29,10.65
2019-10-30,10.71
2019-10-31,10.46
2019-11-01,10.39
2019-11-04,10.41
2019-11-05,10.42
2019-11-06,10.32
2019-11-07,10.39
2019-11-08,10.33
2019-11-11,10.53
2019-11-12,10.48
2019-11-13,10.57
2019-11-14,10.52
2019-11-18,10.42
2019-11-19,10.5
2019-11-20,10.49
2019-11-21,10.89
2019-11-22,11.08
2019-11-25,11.29
2019-11-26,11.16
2019-11-27,11.26
2019-11-28,11.4
2019-11-29,11.31
2019-12-02,11.31
2019-12-03,11.5
2019-12-04,11.52
2019-12-05,11.49
2019-12-06,11.62
2019-12-09,11.65
2019-12-10,11.57
2019-12-11,11.65
2019-12-12,11.75
2019-12-13,11.78
2019-12-16,11.8
2019-12-17,11.75
2019-12-18,11.84
2019-12-19,11.83
2019-12-20,11.73
2019-12-23,11.84
2019-12-26,11.91
2019-12-27,11.97
2019-12-30,12.11
2020-01-02,12.04
2020-01-03,12.07
2020-01-06,12.03
2020-01-07,12.15
2020-01-08,12.41
2020-01-09,12.6
2020-01-10,12.64
2020-01-13,12.44
2020-01-14,12.52
2020-01-15,12.5
2020-01-16,12.4
2020-01-17,12.44
2020-01-20,12.31
2020-01-21,12.3
2020-01-22,12.39
2020-01-23,12.36
2020-01-24,12.28
2020-01-27,12.31
2020-01-28,12.38
2020-01-29,12.21
2020-01-30,12.03
2020-01-31,11.94
2020-02-03,11.97
2020-02-04,11.76
2020-02-05,11.82
2020-02-06,11.72
2020-02-07,11.74
2020-02-10,11.76
2020-02-11,11.81
2020-02-12,11.88
2020-02-13,11.92
2020-02-14,12.12
2020-02-17,12.08
2020-02-18,11.99
2020-02-19,12.0
2020-02-20,11.92
2020-02-21,11.92
2020-02-26,11.91
2020-02-27,11.92
2020-02-28,11.85
2020-03-02,11.94
2020-03-03,11.93
2020-03-04,11.83
2020-03-05,11.77
2020-03-06,11.95
2020-03-09,11.71
2020-03-10,12.02
2020-03-11,11.99
2020-03-12,11.95
2020-03-13,11.87
2020-03-16,11.56
2020-03-17,11.68
2020-03-18,11.05
2020-03-19,11.43
2020-03-20,11.69
2020-03-23,11.41
2020-03-24,11.69
2020-03-25,11.87
2020-03-26,11.83
2020-03-27,11.76
2020-03-30,11.61
2020-03-31,11.57
2020-04-01,11.28
2020-04-02,11.18
2020-04-03,11.0
2020-04-06,10.91
2020-04-07,11.02
2020-04-08,10.96
2020-04-09,11.06
2020-04-13,10.85
2020-04-14,10.37
2020-04-15,9.97
2020-04-16,9.89
2020-04-17,9.83
2020-04-20,9.56
2020-04-22,9.0
2020-04-23,8.75
2020-04-24,8.39
2020-04-27,8.4
2020-04-28,8.72
2020-04-29,9.03
2020-04-30,8.88
2020-05-04,8.82
2020-05-05,8.71
2020-05-06,8.64
2020-05-07,8.52
2020-05-08,8.66
2020-05-11,8.57
2020-05-12,8.55
2020-05-13,8.61
2020-05-14,8.67
2020-05-15,8.67
2020-05-18,8.79
2020-05-19,8.73
2020-05-20,8.82
2020-05-21,9.06
2020-05-22,9.05
2020-05-25,9.38
2020-05-26,9.42
2020-05-27,9.55
2020-05-28,9.33
2020-05-29,9.4
2020-06-01,9.25
2020-06-02,9.5
2020-06-03,9.66
2020-06-04,9.51
2020-06-05,9.7
2020-06-08,9.76
2020-06-09,9.71
2020-06-10,9.52
2020-06-12,9.27
2020-06-15,9.12
2020-06-16,8.97
2020-06-17,8.9
2020-06-18,8.75
2020-06-19,8.89
2020-06-22,9.03
2020-06-23,9.13
2020-06-24,8.88
2020-06-25,8.92
2020-06-26,8.81
2020-06-29,8.88
2020-06-30,8.92
2020-07-01,9.32
2020-07-02,9.3
2020-07-03,9.34
2020-07-06,9.35
2020-07-07,9.28
2020-07-08,9.42
2020-07-09,9.43
2020-07-10,9.44
2020-07-13,9.27
2020-07-14,9.33
2020-07-15,9.18
2020-07-16,9.2
2020-07-17,9.18
2020-07-20,9.28
2020-07-21,9.55
2020-07-22,9.48
2020-07-23,9.38
2020-07-24,9.46
2020-07-27,9.62
2020-07-28,9.59
2020-07-29,9.63
2020-07-30,9.79
2020-07-31,9.74
2020-08-03,9.62
2020-08-04,9.81
2020-08-05,9.84
2020-08-06,9.82
2020-08-07,9.73
2020-08-10,9.82
2020-08-11,10.04
2020-08-12,10.04
2020-08-13,10.27
2020-08-14,10.22
2020-08-17,10.17
2020-08-18,10.54
2020-08-19,10.62
2020-08-20,10.62
2020-08-21,10.63
2020-08-24,10.7
2020-08-25,10.94
2020-08-26,10.84
2020-08-27,10.93
2020-08-28,11.27
2020-08-31,11.18
2020-09-01,11.31
2020-09-02,11.27
2020-09-03,11.17
2020-09-04,11.13
2020-09-08,10.94
2020-09-09,10.99
2020-09-10,10.98
2020-09-11,11.06
2020-09-14,11.31
2020-09-15,11.16
2020-09-16,11.24
2020-09-17,11.16
2020-09-18,10.9
2020-09-21,10.95
2020-09-22,10.96
2020-09-23,10.93
2020-09-24,11.11
2020-09-25,11.26
2020-09-28,11.08
2020-09-29,11.23
2020-09-30,11.33
2020-10-01,11.36
2020-10-02,11.45
2020-10-05,11.75
2020-10-06,11.69
2020-10-07,11.97
2020-10-08,12.09
2020-10-09,12.31
2020-10-13,12.4
2020-10-14,12.41
2020-10-15,12.53
2020-10-16,12.53
2020-10-19,12.76
2020-10-20,13.1
2020-10-21,13.45
2020-10-22,13.81
2020-10-23,14.01
2020-10-26,14.16
2020-10-27,14.36
2020-10-28,14.4
2020-10-29,14.35
2020-10-30,14.25
2020-11-03,14.05
2020-11-04,14.38
2020-11-05,14.65
2020-11-06,15.09
2020-11-09,14.94
2020-11-10,14.91
2020-11-11,14.88
2020-11-12,14.74
2020-11-13,14.74
2020-11-16,14.83
2020-11-17,15.16
2020-11-18,15.05
2020-11-19,15.06
2020-11-20,14.93
2020-11-23,14.72
2020-11-24,14.8
2020-11-25,15.0
2020-11-26,14.88
2020-11-27,14.88
2020-11-30,14.63
2020-12-01,14.74
2020-12-02,14.57
2020-12-03,14.69
2020-12-04,14.56
2020-12-07,14.53
2020-12-08,14.31
2020-12-09,14.2
2020-12-10,14.58
2020-12-11,14.47
2020-12-14,14.35
2020-12-15,14.51
2020-12-16,14.6
2020-12-17,14.6
2020-12-18,14.59
2020-12-21,14.66
2020-12-22,14.97
2020-12-23,14.93
2020-12-28,14.89
2020-12-29,15.13
2020-12-30,15.17
2021-01-04,15.55
2021-01-05,15.51
2021-01-06,15.58
2021-01-07,15.34
2021-01-08,15.25
2021-01-11,15.05
2021-01-12,15.62
2021-01-13,15.82
2021-01-14,16.2
2021-01-15,15.99
2021-01-18,16.05
2021-01-19,15.93
2021-01-20,16.06
2021-01-21,15.88
2021-01-22,15.43
2021-01-25,15.23
2021-01-26,15.76
2021-01-27,15.53
2021-01-28,15.31
2021-01-29,15.2
2021-02-01,15.4
2021-02-02,15.5
2021-02-03,15.5
2021-02-04,15.22
2021-02-05,15.37
2021-02-08,15.39
2021-02-09,15.49
2021-02-10,15.46
2021-02-11,15.43
2021-02-12,15.51
2021-02-17,15.46
2021-02-18,15.45
2021-02-19,15.6
2021-02-22,15.6
2021-02-23,15.61
2021-02-24,15.68
2021-02-25,15.55
2021-02-26,15.3
2021-03-01,15.29
2021-03-02,15.2
2021-03-03,15.14
2021-03-04,15.64
2021-03-05,15.64
2021-03-08,15.54
2021-03-09,15.53
2021-03-10,16.19
2021-03-11,16.57
2021-03-12,16.49
2021-03-15,16.33
2021-03-16,16.61
2021-03-17,16.74
2021-03-18,16.78
2021-03-19,17.1
2021-03-22,16.92
2021-03-23,16.79
2021-03-24,16.57
2021-03-25,16.47
2021-03-26,16.25
2021-03-29,16.37
2021-03-30,16.39
2021-03-31,16.66
2021-04-01,16.46
2021-04-05,16.58
2021-04-06,16.92
2021-04-07,16.87
2021-04-08,17.13
2021-04-09,16.8
2021-04-12,16.76
2021-04-13,16.94
2021-04-14,17.08
2021-04-15,17.36
2021-04-16,17.52
2021-04-19,17.6
2021-04-20,17.6
2021-04-22,17.94
2021-04-23,17.96
2021-04-26,18.19
2021-04-27,18.09
2021-04-28,18.5
2021-04-29,18.64
2021-04-30,18.36
2021-05-03,18.41
2021-05-04,18.37
2021-05-05,18.68
2021-05-06,19.11
2021-05-07,19.45
2021-05-10,19.35
2021-05-11,19.41
2021-05-12,19.33
2021-05-13,19.21
2021-05-14,19.23
2021-05-17,19.2
2021-05-18,19.68
2021-05-19,19.33
2021-05-20,19.35
2021-05-21,19.06
2021-05-24,19.0
2021-05-25,18.49
2021-05-26,18.24
2021-05-27,18.6
2021-05-28,19.02
2021-05-31,19.15
2021-06-01,19.24
2021-06-02,19.38
2021-06-04,19.59
2021-06-07,19.27
2021-06-08,19.17
2021-06-09,18.88
2021-06-10,18.8
2021-06-11,18.53
2021-06-14,18.59
2021-06-15,18.5
2021-06-16,18.16
2021-06-17,17.83
2021-06-18,17.73
2021-06-21,17.63
2021-06-22,17.67
2021-06-23,17.58
2021-06-24,17.58
2021-06-25,17.42
2021-06-28,17.59
2021-06-29,17.65
2021-06-30,18.01
2021-07-01,18.08
2021-07-02,18.24
2021-07-05,18.41
2021-07-06,18.16
2021-07-07,18.18
2021-07-08,18.26
2021-07-09,18.36
2021-07-12,18.62
2021-07-13,18.65
2021-07-14,19.16
2021-07-15,19.12
2021-07-16,19.01
2021-07-19,18.55
2021-07-20,18.68
2021-07-21,19.01
2021-07-22,19.04
2021-07-23,19.17
2021-07-26,19.45
2021-07-27,19.62
2021-07-28,20.03
2021-07-29,20.08
2021-07-30,19.51
2021-08-02,19.65
2021-08-03,19.48
2021-08-04,19.31
2021-08-05,19.28
2021-08-06,18.91
2021-08-09,18.99
2021-08-10,18.88
2021-08-11,18.81
2021-08-12,18.84
2021-08-13,19.05
2021-08-16,18.9
2021-08-17,18.87
2021-08-18,18.53
2021-08-19,18.28
2021-08-20,18.37
2021-08-23,18.28
2021-08-24,18.56
2021-08-25,18.71
2021-08-26,18.49
2021-08-27,18.45
2021-08-30,18.47
2021-08-31,18.31
2021-09-01,18.11
2021-09-02,17.94
2021-09-03,17.8
2021-09-06,17.87
2021-09-08,17.38
2021-09-09,17.36
2021-09-10,17.76
2021-09-13,17.91
2021-09-14,17.79
2021-09-15,17.82
2021-09-16,17.76
2021-09-17,17.73
2021-09-20,17.34
2021-09-21,17.43
2021-09-22,17.28
2021-09-23,17.11
2021-09-24,16.92
2021-09-27,16.95
2021-09-28,16.84
2021-09-29,16.85
2021-09-30,16.89
2021-10-01,17.11
2021-10-04,16.88
2021-10-05,16.86
2021-10-06,16.76
2021-10-07,16.56
2021-10-08,16.52
2021-10-11,16.45
2021-10-13,16.4
2021-10-14,16.33
2021-10-15,16.52
2021-10-18,16.3
2021-10-19,16.15
2021-10-20,16.15
2021-10-21,15.74
2021-10-22,15.83
2021-10-25,16.08
2021-10-26,15.86
2021-10-27,15.71
2021-10-28,15.44
2021-10-29,15.38
2021-11-01,15.34
2021-11-03,15.58
2021-11-04,15.39
2021-11-05,15.72
2021-11-08,15.44
2021-11-09,15.49
2021-11-10,15.38
2021-11-11,15.49
2021-11-12,15.17
2021-11-16,15.07
2021-11-17,14.92
2021-11-18,14.79
2021-11-19,14.78
2021-11-22,14.81
2021-11-23,14.85
2021-11-24,14.94
2021-11-25,15.03
2021-11-26,14.95
2021-11-29,14.86
2021-11-30,14.96
2021-12-01,15.0
2021-12-02,15.26
2021-12-03,15.3
2021-12-06,15.15
2021-12-07,15.59
2021-12-08,15.81
2021-12-09,15.69
2021-12-10,15.69
2021-12-13,15.53
2021-12-14,15.42
2021-12-15,15.3
2021-12-16,15.4
2021-12-17,15.34
2021-12-20,15.26
2021-12-21,15.45
2021-12-22,15.64
2021-12-23,15.86
2021-12-27,15.97
2021-12-28,16.03
2021-12-29,15.87
2021-12-30,16.21
2022-01-03,16.25
2022-01-04,16.3
2022-01-05,16.3
2022-01-06,16.41
2022-01-07,16.6
2022-01-10,16.65
2022-01-11,17.05
2022-01-12,17.21
2022-01-13,17.48
2022-01-14,17.52
2022-01-17,17.59
2022-01-18,17.53
2022-01-19,17.88
2022-01-20,18.14
2022-01-21,18.02
2022-01-24,17.8
2022-01-25,17.97
2022-01-26,18.11
2022-01-27,17.94
2022-01-28,18.06
2022-01-31,18.37
2022-02-01,18.48
2022-02-02,18.38
2022-02-03,18.29
2022-02-04,18.24
2022-02-07,18.44
2022-02-08,18.49
2022-02-09,18.57
2022-02-10,18.58
2022-02-11,18.57
2022-02-14,18.4
2022-02-15,18.63
2022-02-16,18.82
2022-02-17,18.67
2022-02-18,18.78
2022-02-21,18.9
2022-02-22,19.11
2022-02-23,19.36
2022-02-24,18.93
2022-02-25,18.92
2022-03-02,19.02
2022-03-03,19.45
2022-03-04,19.32
2022-03-07,19.73
2022-03-08,20.05
2022-03-09,20.21
2022-03-10,20.21
2022-03-11,20.5
2022-03-14,20.26
2022-03-15,20.15
2022-03-16,20.32
2022-03-17,20.56
2022-03-18,20.46
2022-03-21,20.72
2022-03-22,20.59
2022-03-23,20.65
2022-03-24,20.55
2022-03-25,20.41
2022-03-28,20.16
2022-03-29,19.49
2022-03-30,19.38
